,path,category
0,./asl_dataset/a/hand2_a_bot_seg_4_cropped.jpeg,a
1,./asl_dataset/a/hand2_a_dif_seg_3_cropped.jpeg,a
2,./asl_dataset/a/hand3_a_dif_seg_2_cropped.jpeg,a
3,./asl_dataset/a/hand2_a_bot_seg_3_cropped.jpeg,a
4,./asl_dataset/a/hand2_a_bot_seg_2_cropped.jpeg,a
5,./asl_dataset/a/hand1_a_left_seg_1_cropped.jpeg,a
6,./asl_dataset/a/hand4_a_bot_seg_5_cropped.jpeg,a
7,./asl_dataset/a/hand2_a_top_seg_1_cropped.jpeg,a
8,./asl_dataset/a/hand2_a_left_seg_3_cropped.jpeg,a
9,./asl_dataset/a/hand1_a_right_seg_2_cropped.jpeg,a
10,./asl_dataset/a/hand2_a_left_seg_4_cropped.jpeg,a
11,./asl_dataset/a/hand2_a_top_seg_2_cropped.jpeg,a
12,./asl_dataset/a/hand4_a_bot_seg_4_cropped.jpeg,a
13,./asl_dataset/a/hand1_a_right_seg_5_cropped.jpeg,a
14,./asl_dataset/a/hand1_a_dif_seg_2_cropped.jpeg,a
15,./asl_dataset/a/hand2_a_bot_seg_1_cropped.jpeg,a
16,./asl_dataset/a/hand2_a_right_seg_5_cropped.jpeg,a
17,./asl_dataset/a/hand2_a_top_seg_4_cropped.jpeg,a
18,./asl_dataset/a/hand5_a_bot_seg_1_cropped.jpeg,a
19,./asl_dataset/a/hand1_a_dif_seg_3_cropped.jpeg,a
20,./asl_dataset/a/hand1_a_top_seg_1_cropped.jpeg,a
21,./asl_dataset/a/hand5_a_bot_seg_3_cropped.jpeg,a
22,./asl_dataset/a/hand4_a_bot_seg_2_cropped.jpeg,a
23,./asl_dataset/a/hand3_a_dif_seg_1_cropped.jpeg,a
24,./asl_dataset/a/hand1_a_bot_seg_2_cropped.jpeg,a
25,./asl_dataset/a/hand1_a_bot_seg_3_cropped.jpeg,a
26,./asl_dataset/a/hand2_a_dif_seg_4_cropped.jpeg,a
27,./asl_dataset/a/hand5_a_dif_seg_1_cropped.jpeg,a
28,./asl_dataset/a/hand3_a_dif_seg_4_cropped.jpeg,a
29,./asl_dataset/a/hand3_a_dif_seg_3_cropped.jpeg,a
30,./asl_dataset/a/hand4_a_bot_seg_1_cropped.jpeg,a
31,./asl_dataset/a/hand2_a_dif_seg_2_cropped.jpeg,a
32,./asl_dataset/a/hand2_a_right_seg_1_cropped.jpeg,a
33,./asl_dataset/a/hand1_a_bot_seg_4_cropped.jpeg,a
34,./asl_dataset/a/hand1_a_dif_seg_4_cropped.jpeg,a
35,./asl_dataset/a/hand2_a_dif_seg_1_cropped.jpeg,a
36,./asl_dataset/a/hand1_a_right_seg_1_cropped.jpeg,a
37,./asl_dataset/a/hand5_a_dif_seg_4_cropped.jpeg,a
38,./asl_dataset/a/hand2_a_right_seg_2_cropped.jpeg,a
39,./asl_dataset/a/hand5_a_dif_seg_3_cropped.jpeg,a
40,./asl_dataset/a/hand2_a_left_seg_5_cropped.jpeg,a
41,./asl_dataset/a/hand3_a_dif_seg_5_cropped.jpeg,a
42,./asl_dataset/a/hand5_a_dif_seg_5_cropped.jpeg,a
43,./asl_dataset/a/hand1_a_top_seg_4_cropped.jpeg,a
44,./asl_dataset/a/hand4_a_bot_seg_3_cropped.jpeg,a
45,./asl_dataset/a/hand5_a_dif_seg_2_cropped.jpeg,a
46,./asl_dataset/a/hand1_a_right_seg_3_cropped.jpeg,a
47,./asl_dataset/a/hand2_a_right_seg_4_cropped.jpeg,a
48,./asl_dataset/a/hand1_a_top_seg_3_cropped.jpeg,a
49,./asl_dataset/a/hand1_a_top_seg_2_cropped.jpeg,a
50,./asl_dataset/a/hand1_a_left_seg_5_cropped.jpeg,a
51,./asl_dataset/a/hand2_a_bot_seg_5_cropped.jpeg,a
52,./asl_dataset/a/hand5_a_bot_seg_5_cropped.jpeg,a
53,./asl_dataset/a/hand1_a_bot_seg_1_cropped.jpeg,a
54,./asl_dataset/a/hand2_a_left_seg_2_cropped.jpeg,a
55,./asl_dataset/a/hand2_a_dif_seg_5_cropped.jpeg,a
56,./asl_dataset/a/hand5_a_bot_seg_2_cropped.jpeg,a
57,./asl_dataset/a/hand1_a_top_seg_5_cropped.jpeg,a
58,./asl_dataset/a/hand1_a_dif_seg_1_cropped.jpeg,a
59,./asl_dataset/a/hand5_a_bot_seg_4_cropped.jpeg,a
60,./asl_dataset/a/hand1_a_left_seg_2_cropped.jpeg,a
61,./asl_dataset/a/hand1_a_bot_seg_5_cropped.jpeg,a
62,./asl_dataset/a/hand2_a_top_seg_3_cropped.jpeg,a
63,./asl_dataset/a/hand2_a_top_seg_5_cropped.jpeg,a
64,./asl_dataset/a/hand1_a_left_seg_4_cropped.jpeg,a
65,./asl_dataset/a/hand2_a_left_seg_1_cropped.jpeg,a
66,./asl_dataset/a/hand1_a_left_seg_3_cropped.jpeg,a
67,./asl_dataset/a/hand1_a_right_seg_4_cropped.jpeg,a
68,./asl_dataset/a/hand2_a_right_seg_3_cropped.jpeg,a
69,./asl_dataset/a/hand1_a_dif_seg_5_cropped.jpeg,a
70,./asl_dataset/b/hand4_b_bot_seg_1_cropped.jpeg,b
71,./asl_dataset/b/hand2_b_top_seg_4_cropped.jpeg,b
72,./asl_dataset/b/hand2_b_left_seg_1_cropped.jpeg,b
73,./asl_dataset/b/hand1_b_dif_seg_4_cropped.jpeg,b
74,./asl_dataset/b/hand2_b_dif_seg_3_cropped.jpeg,b
75,./asl_dataset/b/hand2_b_bot_seg_5_cropped.jpeg,b
76,./asl_dataset/b/hand1_b_dif_seg_1_cropped.jpeg,b
77,./asl_dataset/b/hand5_b_dif_seg_1_cropped.jpeg,b
78,./asl_dataset/b/hand1_b_dif_seg_2_cropped.jpeg,b
79,./asl_dataset/b/hand1_b_left_seg_5_cropped.jpeg,b
80,./asl_dataset/b/hand2_b_left_seg_2_cropped.jpeg,b
81,./asl_dataset/b/hand1_b_bot_seg_3_cropped.jpeg,b
82,./asl_dataset/b/hand1_b_left_seg_4_cropped.jpeg,b
83,./asl_dataset/b/hand5_b_bot_seg_4_cropped.jpeg,b
84,./asl_dataset/b/hand1_b_right_seg_1_cropped.jpeg,b
85,./asl_dataset/b/hand1_b_right_seg_2_cropped.jpeg,b
86,./asl_dataset/b/hand4_b_bot_seg_3_cropped.jpeg,b
87,./asl_dataset/b/hand1_b_dif_seg_5_cropped.jpeg,b
88,./asl_dataset/b/hand5_b_bot_seg_3_cropped.jpeg,b
89,./asl_dataset/b/hand5_b_dif_seg_5_cropped.jpeg,b
90,./asl_dataset/b/hand2_b_bot_seg_4_cropped.jpeg,b
91,./asl_dataset/b/hand2_b_right_seg_5_cropped.jpeg,b
92,./asl_dataset/b/hand5_b_bot_seg_5_cropped.jpeg,b
93,./asl_dataset/b/hand2_b_dif_seg_5_cropped.jpeg,b
94,./asl_dataset/b/hand1_b_bot_seg_5_cropped.jpeg,b
95,./asl_dataset/b/hand3_b_dif_seg_3_cropped.jpeg,b
96,./asl_dataset/b/hand3_b_dif_seg_1_cropped.jpeg,b
97,./asl_dataset/b/hand2_b_right_seg_4_cropped.jpeg,b
98,./asl_dataset/b/hand3_b_dif_seg_5_cropped.jpeg,b
99,./asl_dataset/b/hand5_b_dif_seg_4_cropped.jpeg,b
100,./asl_dataset/b/hand1_b_top_seg_3_cropped.jpeg,b
101,./asl_dataset/b/hand1_b_bot_seg_2_cropped.jpeg,b
102,./asl_dataset/b/hand1_b_right_seg_4_cropped.jpeg,b
103,./asl_dataset/b/hand2_b_right_seg_1_cropped.jpeg,b
104,./asl_dataset/b/hand2_b_right_seg_3_cropped.jpeg,b
105,./asl_dataset/b/hand1_b_top_seg_1_cropped.jpeg,b
106,./asl_dataset/b/hand2_b_right_seg_2_cropped.jpeg,b
107,./asl_dataset/b/hand2_b_dif_seg_2_cropped.jpeg,b
108,./asl_dataset/b/hand1_b_left_seg_1_cropped.jpeg,b
109,./asl_dataset/b/hand1_b_left_seg_3_cropped.jpeg,b
110,./asl_dataset/b/hand1_b_bot_seg_4_cropped.jpeg,b
111,./asl_dataset/b/hand3_b_dif_seg_2_cropped.jpeg,b
112,./asl_dataset/b/hand1_b_right_seg_5_cropped.jpeg,b
113,./asl_dataset/b/hand1_b_top_seg_2_cropped.jpeg,b
114,./asl_dataset/b/hand5_b_dif_seg_2_cropped.jpeg,b
115,./asl_dataset/b/hand1_b_top_seg_5_cropped.jpeg,b
116,./asl_dataset/b/hand2_b_top_seg_1_cropped.jpeg,b
117,./asl_dataset/b/hand1_b_bot_seg_1_cropped.jpeg,b
118,./asl_dataset/b/hand2_b_top_seg_3_cropped.jpeg,b
119,./asl_dataset/b/hand2_b_bot_seg_3_cropped.jpeg,b
120,./asl_dataset/b/hand5_b_dif_seg_3_cropped.jpeg,b
121,./asl_dataset/b/hand3_b_dif_seg_4_cropped.jpeg,b
122,./asl_dataset/b/hand1_b_top_seg_4_cropped.jpeg,b
123,./asl_dataset/b/hand2_b_dif_seg_4_cropped.jpeg,b
124,./asl_dataset/b/hand4_b_bot_seg_2_cropped.jpeg,b
125,./asl_dataset/b/hand2_b_bot_seg_2_cropped.jpeg,b
126,./asl_dataset/b/hand5_b_bot_seg_1_cropped.jpeg,b
127,./asl_dataset/b/hand2_b_left_seg_4_cropped.jpeg,b
128,./asl_dataset/b/hand1_b_dif_seg_3_cropped.jpeg,b
129,./asl_dataset/b/hand2_b_dif_seg_1_cropped.jpeg,b
130,./asl_dataset/b/hand2_b_bot_seg_1_cropped.jpeg,b
131,./asl_dataset/b/hand4_b_bot_seg_5_cropped.jpeg,b
132,./asl_dataset/b/hand4_b_bot_seg_4_cropped.jpeg,b
133,./asl_dataset/b/hand1_b_right_seg_3_cropped.jpeg,b
134,./asl_dataset/b/hand1_b_left_seg_2_cropped.jpeg,b
135,./asl_dataset/b/hand2_b_top_seg_2_cropped.jpeg,b
136,./asl_dataset/b/hand5_b_bot_seg_2_cropped.jpeg,b
137,./asl_dataset/b/hand2_b_left_seg_3_cropped.jpeg,b
138,./asl_dataset/b/hand2_b_left_seg_5_cropped.jpeg,b
139,./asl_dataset/b/hand2_b_top_seg_5_cropped.jpeg,b
140,./asl_dataset/c/hand2_c_dif_seg_1_cropped.jpeg,c
141,./asl_dataset/c/hand1_c_right_seg_3_cropped.jpeg,c
142,./asl_dataset/c/hand2_c_right_seg_3_cropped.jpeg,c
143,./asl_dataset/c/hand2_c_right_seg_2_cropped.jpeg,c
144,./asl_dataset/c/hand1_c_top_seg_1_cropped.jpeg,c
145,./asl_dataset/c/hand4_c_bot_seg_5_cropped.jpeg,c
146,./asl_dataset/c/hand2_c_top_seg_3_cropped.jpeg,c
147,./asl_dataset/c/hand2_c_bot_seg_1_cropped.jpeg,c
148,./asl_dataset/c/hand2_c_dif_seg_5_cropped.jpeg,c
149,./asl_dataset/c/hand5_c_bot_seg_5_cropped.jpeg,c
150,./asl_dataset/c/hand2_c_top_seg_4_cropped.jpeg,c
151,./asl_dataset/c/hand2_c_dif_seg_3_cropped.jpeg,c
152,./asl_dataset/c/hand5_c_dif_seg_3_cropped.jpeg,c
153,./asl_dataset/c/hand2_c_top_seg_1_cropped.jpeg,c
154,./asl_dataset/c/hand1_c_right_seg_4_cropped.jpeg,c
155,./asl_dataset/c/hand1_c_top_seg_4_cropped.jpeg,c
156,./asl_dataset/c/hand2_c_bot_seg_2_cropped.jpeg,c
157,./asl_dataset/c/hand4_c_bot_seg_2_cropped.jpeg,c
158,./asl_dataset/c/hand1_c_right_seg_5_cropped.jpeg,c
159,./asl_dataset/c/hand2_c_bot_seg_3_cropped.jpeg,c
160,./asl_dataset/c/hand1_c_bot_seg_5_cropped.jpeg,c
161,./asl_dataset/c/hand1_c_dif_seg_5_cropped.jpeg,c
162,./asl_dataset/c/hand5_c_dif_seg_4_cropped.jpeg,c
163,./asl_dataset/c/hand1_c_bot_seg_3_cropped.jpeg,c
164,./asl_dataset/c/hand1_c_bot_seg_1_cropped.jpeg,c
165,./asl_dataset/c/hand5_c_bot_seg_1_cropped.jpeg,c
166,./asl_dataset/c/hand1_c_right_seg_1_cropped.jpeg,c
167,./asl_dataset/c/hand5_c_dif_seg_5_cropped.jpeg,c
168,./asl_dataset/c/hand1_c_left_seg_2_cropped.jpeg,c
169,./asl_dataset/c/hand1_c_left_seg_1_cropped.jpeg,c
170,./asl_dataset/c/hand3_c_dif_seg_5_cropped.jpeg,c
171,./asl_dataset/c/hand2_c_left_seg_3_cropped.jpeg,c
172,./asl_dataset/c/hand2_c_top_seg_2_cropped.jpeg,c
173,./asl_dataset/c/hand3_c_dif_seg_1_cropped.jpeg,c
174,./asl_dataset/c/hand2_c_left_seg_4_cropped.jpeg,c
175,./asl_dataset/c/hand1_c_top_seg_2_cropped.jpeg,c
176,./asl_dataset/c/hand1_c_right_seg_2_cropped.jpeg,c
177,./asl_dataset/c/hand1_c_dif_seg_4_cropped.jpeg,c
178,./asl_dataset/c/hand1_c_dif_seg_2_cropped.jpeg,c
179,./asl_dataset/c/hand1_c_left_seg_5_cropped.jpeg,c
180,./asl_dataset/c/hand4_c_bot_seg_1_cropped.jpeg,c
181,./asl_dataset/c/hand2_c_right_seg_5_cropped.jpeg,c
182,./asl_dataset/c/hand3_c_dif_seg_2_cropped.jpeg,c
183,./asl_dataset/c/hand5_c_bot_seg_3_cropped.jpeg,c
184,./asl_dataset/c/hand5_c_dif_seg_2_cropped.jpeg,c
185,./asl_dataset/c/hand1_c_bot_seg_4_cropped.jpeg,c
186,./asl_dataset/c/hand2_c_bot_seg_5_cropped.jpeg,c
187,./asl_dataset/c/hand2_c_left_seg_2_cropped.jpeg,c
188,./asl_dataset/c/hand2_c_dif_seg_4_cropped.jpeg,c
189,./asl_dataset/c/hand1_c_dif_seg_1_cropped.jpeg,c
190,./asl_dataset/c/hand5_c_bot_seg_4_cropped.jpeg,c
191,./asl_dataset/c/hand5_c_bot_seg_2_cropped.jpeg,c
192,./asl_dataset/c/hand1_c_left_seg_4_cropped.jpeg,c
193,./asl_dataset/c/hand4_c_bot_seg_3_cropped.jpeg,c
194,./asl_dataset/c/hand2_c_bot_seg_4_cropped.jpeg,c
195,./asl_dataset/c/hand4_c_bot_seg_4_cropped.jpeg,c
196,./asl_dataset/c/hand2_c_left_seg_5_cropped.jpeg,c
197,./asl_dataset/c/hand3_c_dif_seg_3_cropped.jpeg,c
198,./asl_dataset/c/hand2_c_left_seg_1_cropped.jpeg,c
199,./asl_dataset/c/hand2_c_top_seg_5_cropped.jpeg,c
200,./asl_dataset/c/hand3_c_dif_seg_4_cropped.jpeg,c
201,./asl_dataset/c/hand1_c_top_seg_3_cropped.jpeg,c
202,./asl_dataset/c/hand1_c_bot_seg_2_cropped.jpeg,c
203,./asl_dataset/c/hand1_c_top_seg_5_cropped.jpeg,c
204,./asl_dataset/c/hand1_c_left_seg_3_cropped.jpeg,c
205,./asl_dataset/c/hand2_c_dif_seg_2_cropped.jpeg,c
206,./asl_dataset/c/hand2_c_right_seg_1_cropped.jpeg,c
207,./asl_dataset/c/hand2_c_right_seg_4_cropped.jpeg,c
208,./asl_dataset/c/hand5_c_dif_seg_1_cropped.jpeg,c
209,./asl_dataset/c/hand1_c_dif_seg_3_cropped.jpeg,c
210,./asl_dataset/d/hand1_d_right_seg_3_cropped.jpeg,d
211,./asl_dataset/d/hand2_d_bot_seg_3_cropped.jpeg,d
212,./asl_dataset/d/hand5_d_bot_seg_5_cropped.jpeg,d
213,./asl_dataset/d/hand4_d_bot_seg_2_cropped.jpeg,d
214,./asl_dataset/d/hand2_d_right_seg_5_cropped.jpeg,d
215,./asl_dataset/d/hand1_d_right_seg_2_cropped.jpeg,d
216,./asl_dataset/d/hand1_d_dif_seg_5_cropped.jpeg,d
217,./asl_dataset/d/hand5_d_dif_seg_3_cropped.jpeg,d
218,./asl_dataset/d/hand2_d_bot_seg_2_cropped.jpeg,d
219,./asl_dataset/d/hand1_d_top_seg_1_cropped.jpeg,d
220,./asl_dataset/d/hand2_d_top_seg_3_cropped.jpeg,d
221,./asl_dataset/d/hand2_d_top_seg_4_cropped.jpeg,d
222,./asl_dataset/d/hand2_d_left_seg_1_cropped.jpeg,d
223,./asl_dataset/d/hand2_d_right_seg_2_cropped.jpeg,d
224,./asl_dataset/d/hand2_d_right_seg_3_cropped.jpeg,d
225,./asl_dataset/d/hand1_d_bot_seg_1_cropped.jpeg,d
226,./asl_dataset/d/hand2_d_left_seg_5_cropped.jpeg,d
227,./asl_dataset/d/hand1_d_left_seg_5_cropped.jpeg,d
228,./asl_dataset/d/hand5_d_bot_seg_1_cropped.jpeg,d
229,./asl_dataset/d/hand5_d_bot_seg_3_cropped.jpeg,d
230,./asl_dataset/d/hand2_d_left_seg_2_cropped.jpeg,d
231,./asl_dataset/d/hand1_d_top_seg_3_cropped.jpeg,d
232,./asl_dataset/d/hand2_d_bot_seg_5_cropped.jpeg,d
233,./asl_dataset/d/hand1_d_left_seg_1_cropped.jpeg,d
234,./asl_dataset/d/hand1_d_bot_seg_3_cropped.jpeg,d
235,./asl_dataset/d/hand3_d_dif_seg_2_cropped.jpeg,d
236,./asl_dataset/d/hand1_d_dif_seg_3_cropped.jpeg,d
237,./asl_dataset/d/hand1_d_bot_seg_5_cropped.jpeg,d
238,./asl_dataset/d/hand2_d_right_seg_4_cropped.jpeg,d
239,./asl_dataset/d/hand3_d_dif_seg_4_cropped.jpeg,d
240,./asl_dataset/d/hand1_d_right_seg_4_cropped.jpeg,d
241,./asl_dataset/d/hand2_d_bot_seg_4_cropped.jpeg,d
242,./asl_dataset/d/hand1_d_right_seg_1_cropped.jpeg,d
243,./asl_dataset/d/hand2_d_dif_seg_1_cropped.jpeg,d
244,./asl_dataset/d/hand4_d_bot_seg_3_cropped.jpeg,d
245,./asl_dataset/d/hand2_d_left_seg_4_cropped.jpeg,d
246,./asl_dataset/d/hand1_d_dif_seg_4_cropped.jpeg,d
247,./asl_dataset/d/hand4_d_bot_seg_1_cropped.jpeg,d
248,./asl_dataset/d/hand2_d_dif_seg_3_cropped.jpeg,d
249,./asl_dataset/d/hand2_d_top_seg_2_cropped.jpeg,d
250,./asl_dataset/d/hand5_d_dif_seg_4_cropped.jpeg,d
251,./asl_dataset/d/hand2_d_bot_seg_1_cropped.jpeg,d
252,./asl_dataset/d/hand1_d_dif_seg_2_cropped.jpeg,d
253,./asl_dataset/d/hand1_d_bot_seg_4_cropped.jpeg,d
254,./asl_dataset/d/hand2_d_top_seg_5_cropped.jpeg,d
255,./asl_dataset/d/hand4_d_bot_seg_4_cropped.jpeg,d
256,./asl_dataset/d/hand2_d_dif_seg_4_cropped.jpeg,d
257,./asl_dataset/d/hand3_d_dif_seg_1_cropped.jpeg,d
258,./asl_dataset/d/hand3_d_dif_seg_3_cropped.jpeg,d
259,./asl_dataset/d/hand1_d_dif_seg_1_cropped.jpeg,d
260,./asl_dataset/d/hand1_d_left_seg_4_cropped.jpeg,d
261,./asl_dataset/d/hand2_d_right_seg_1_cropped.jpeg,d
262,./asl_dataset/d/hand2_d_top_seg_1_cropped.jpeg,d
263,./asl_dataset/d/hand5_d_bot_seg_4_cropped.jpeg,d
264,./asl_dataset/d/hand2_d_dif_seg_2_cropped.jpeg,d
265,./asl_dataset/d/hand1_d_top_seg_4_cropped.jpeg,d
266,./asl_dataset/d/hand5_d_dif_seg_2_cropped.jpeg,d
267,./asl_dataset/d/hand1_d_top_seg_2_cropped.jpeg,d
268,./asl_dataset/d/hand1_d_bot_seg_2_cropped.jpeg,d
269,./asl_dataset/d/hand1_d_left_seg_2_cropped.jpeg,d
270,./asl_dataset/d/hand3_d_dif_seg_5_cropped.jpeg,d
271,./asl_dataset/d/hand5_d_dif_seg_1_cropped.jpeg,d
272,./asl_dataset/d/hand1_d_left_seg_3_cropped.jpeg,d
273,./asl_dataset/d/hand1_d_right_seg_5_cropped.jpeg,d
274,./asl_dataset/d/hand5_d_dif_seg_5_cropped.jpeg,d
275,./asl_dataset/d/hand5_d_bot_seg_2_cropped.jpeg,d
276,./asl_dataset/d/hand4_d_bot_seg_5_cropped.jpeg,d
277,./asl_dataset/d/hand2_d_dif_seg_5_cropped.jpeg,d
278,./asl_dataset/d/hand1_d_top_seg_5_cropped.jpeg,d
279,./asl_dataset/d/hand2_d_left_seg_3_cropped.jpeg,d
280,./asl_dataset/e/hand1_e_right_seg_3_cropped.jpeg,e
281,./asl_dataset/e/hand4_e_bot_seg_1_cropped.jpeg,e
282,./asl_dataset/e/hand3_e_dif_seg_4_cropped.jpeg,e
283,./asl_dataset/e/hand2_e_right_seg_1_cropped.jpeg,e
284,./asl_dataset/e/hand1_e_left_seg_2_cropped.jpeg,e
285,./asl_dataset/e/hand1_e_dif_seg_3_cropped.jpeg,e
286,./asl_dataset/e/hand2_e_bot_seg_3_cropped.jpeg,e
287,./asl_dataset/e/hand4_e_bot_seg_3_cropped.jpeg,e
288,./asl_dataset/e/hand1_e_bot_seg_1_cropped.jpeg,e
289,./asl_dataset/e/hand1_e_top_seg_5_cropped.jpeg,e
290,./asl_dataset/e/hand2_e_right_seg_3_cropped.jpeg,e
291,./asl_dataset/e/hand2_e_bot_seg_2_cropped.jpeg,e
292,./asl_dataset/e/hand2_e_bot_seg_1_cropped.jpeg,e
293,./asl_dataset/e/hand1_e_bot_seg_3_cropped.jpeg,e
294,./asl_dataset/e/hand1_e_left_seg_5_cropped.jpeg,e
295,./asl_dataset/e/hand2_e_top_seg_1_cropped.jpeg,e
296,./asl_dataset/e/hand2_e_top_seg_4_cropped.jpeg,e
297,./asl_dataset/e/hand1_e_top_seg_4_cropped.jpeg,e
298,./asl_dataset/e/hand5_e_dif_seg_3_cropped.jpeg,e
299,./asl_dataset/e/hand5_e_dif_seg_5_cropped.jpeg,e
300,./asl_dataset/e/hand3_e_dif_seg_2_cropped.jpeg,e
301,./asl_dataset/e/hand2_e_left_seg_2_cropped.jpeg,e
302,./asl_dataset/e/hand3_e_dif_seg_5_cropped.jpeg,e
303,./asl_dataset/e/hand4_e_bot_seg_5_cropped.jpeg,e
304,./asl_dataset/e/hand1_e_top_seg_3_cropped.jpeg,e
305,./asl_dataset/e/hand5_e_bot_seg_5_cropped.jpeg,e
306,./asl_dataset/e/hand1_e_left_seg_3_cropped.jpeg,e
307,./asl_dataset/e/hand1_e_right_seg_2_cropped.jpeg,e
308,./asl_dataset/e/hand5_e_bot_seg_3_cropped.jpeg,e
309,./asl_dataset/e/hand5_e_bot_seg_2_cropped.jpeg,e
310,./asl_dataset/e/hand1_e_top_seg_1_cropped.jpeg,e
311,./asl_dataset/e/hand2_e_left_seg_5_cropped.jpeg,e
312,./asl_dataset/e/hand1_e_dif_seg_4_cropped.jpeg,e
313,./asl_dataset/e/hand1_e_dif_seg_5_cropped.jpeg,e
314,./asl_dataset/e/hand1_e_right_seg_1_cropped.jpeg,e
315,./asl_dataset/e/hand1_e_right_seg_4_cropped.jpeg,e
316,./asl_dataset/e/hand1_e_bot_seg_4_cropped.jpeg,e
317,./asl_dataset/e/hand3_e_dif_seg_3_cropped.jpeg,e
318,./asl_dataset/e/hand5_e_dif_seg_1_cropped.jpeg,e
319,./asl_dataset/e/hand1_e_top_seg_2_cropped.jpeg,e
320,./asl_dataset/e/hand2_e_left_seg_1_cropped.jpeg,e
321,./asl_dataset/e/hand2_e_dif_seg_5_cropped.jpeg,e
322,./asl_dataset/e/hand2_e_right_seg_5_cropped.jpeg,e
323,./asl_dataset/e/hand2_e_dif_seg_1_cropped.jpeg,e
324,./asl_dataset/e/hand4_e_bot_seg_2_cropped.jpeg,e
325,./asl_dataset/e/hand2_e_top_seg_3_cropped.jpeg,e
326,./asl_dataset/e/hand5_e_bot_seg_1_cropped.jpeg,e
327,./asl_dataset/e/hand2_e_bot_seg_5_cropped.jpeg,e
328,./asl_dataset/e/hand2_e_top_seg_2_cropped.jpeg,e
329,./asl_dataset/e/hand1_e_dif_seg_1_cropped.jpeg,e
330,./asl_dataset/e/hand2_e_left_seg_4_cropped.jpeg,e
331,./asl_dataset/e/hand3_e_dif_seg_1_cropped.jpeg,e
332,./asl_dataset/e/hand2_e_dif_seg_4_cropped.jpeg,e
333,./asl_dataset/e/hand2_e_right_seg_2_cropped.jpeg,e
334,./asl_dataset/e/hand2_e_left_seg_3_cropped.jpeg,e
335,./asl_dataset/e/hand2_e_right_seg_4_cropped.jpeg,e
336,./asl_dataset/e/hand1_e_left_seg_4_cropped.jpeg,e
337,./asl_dataset/e/hand1_e_bot_seg_5_cropped.jpeg,e
338,./asl_dataset/e/hand2_e_dif_seg_2_cropped.jpeg,e
339,./asl_dataset/e/hand2_e_dif_seg_3_cropped.jpeg,e
340,./asl_dataset/e/hand1_e_right_seg_5_cropped.jpeg,e
341,./asl_dataset/e/hand1_e_dif_seg_2_cropped.jpeg,e
342,./asl_dataset/e/hand1_e_bot_seg_2_cropped.jpeg,e
343,./asl_dataset/e/hand1_e_left_seg_1_cropped.jpeg,e
344,./asl_dataset/e/hand2_e_top_seg_5_cropped.jpeg,e
345,./asl_dataset/e/hand5_e_bot_seg_4_cropped.jpeg,e
346,./asl_dataset/e/hand5_e_dif_seg_2_cropped.jpeg,e
347,./asl_dataset/e/hand2_e_bot_seg_4_cropped.jpeg,e
348,./asl_dataset/e/hand4_e_bot_seg_4_cropped.jpeg,e
349,./asl_dataset/e/hand5_e_dif_seg_4_cropped.jpeg,e
350,./asl_dataset/f/hand2_f_bot_seg_4_cropped.jpeg,f
351,./asl_dataset/f/hand1_f_bot_seg_1_cropped.jpeg,f
352,./asl_dataset/f/hand5_f_dif_seg_2_cropped.jpeg,f
353,./asl_dataset/f/hand2_f_right_seg_1_cropped.jpeg,f
354,./asl_dataset/f/hand3_f_dif_seg_3_cropped.jpeg,f
355,./asl_dataset/f/hand1_f_top_seg_3_cropped.jpeg,f
356,./asl_dataset/f/hand5_f_bot_seg_1_cropped.jpeg,f
357,./asl_dataset/f/hand5_f_dif_seg_1_cropped.jpeg,f
358,./asl_dataset/f/hand1_f_left_seg_3_cropped.jpeg,f
359,./asl_dataset/f/hand2_f_bot_seg_2_cropped.jpeg,f
360,./asl_dataset/f/hand1_f_top_seg_2_cropped.jpeg,f
361,./asl_dataset/f/hand5_f_dif_seg_3_cropped.jpeg,f
362,./asl_dataset/f/hand4_f_bot_seg_3_cropped.jpeg,f
363,./asl_dataset/f/hand1_f_top_seg_4_cropped.jpeg,f
364,./asl_dataset/f/hand2_f_left_seg_3_cropped.jpeg,f
365,./asl_dataset/f/hand1_f_left_seg_1_cropped.jpeg,f
366,./asl_dataset/f/hand5_f_bot_seg_3_cropped.jpeg,f
367,./asl_dataset/f/hand5_f_bot_seg_4_cropped.jpeg,f
368,./asl_dataset/f/hand4_f_bot_seg_1_cropped.jpeg,f
369,./asl_dataset/f/hand2_f_right_seg_3_cropped.jpeg,f
370,./asl_dataset/f/hand2_f_dif_seg_5_cropped.jpeg,f
371,./asl_dataset/f/hand2_f_dif_seg_4_cropped.jpeg,f
372,./asl_dataset/f/hand1_f_right_seg_1_cropped.jpeg,f
373,./asl_dataset/f/hand1_f_left_seg_5_cropped.jpeg,f
374,./asl_dataset/f/hand1_f_dif_seg_5_cropped.jpeg,f
375,./asl_dataset/f/hand1_f_right_seg_2_cropped.jpeg,f
376,./asl_dataset/f/hand1_f_right_seg_3_cropped.jpeg,f
377,./asl_dataset/f/hand1_f_bot_seg_3_cropped.jpeg,f
378,./asl_dataset/f/hand2_f_left_seg_1_cropped.jpeg,f
379,./asl_dataset/f/hand3_f_dif_seg_1_cropped.jpeg,f
380,./asl_dataset/f/hand1_f_bot_seg_5_cropped.jpeg,f
381,./asl_dataset/f/hand2_f_bot_seg_5_cropped.jpeg,f
382,./asl_dataset/f/hand2_f_dif_seg_2_cropped.jpeg,f
383,./asl_dataset/f/hand1_f_dif_seg_3_cropped.jpeg,f
384,./asl_dataset/f/hand5_f_dif_seg_4_cropped.jpeg,f
385,./asl_dataset/f/hand1_f_bot_seg_4_cropped.jpeg,f
386,./asl_dataset/f/hand4_f_bot_seg_2_cropped.jpeg,f
387,./asl_dataset/f/hand2_f_dif_seg_3_cropped.jpeg,f
388,./asl_dataset/f/hand5_f_dif_seg_5_cropped.jpeg,f
389,./asl_dataset/f/hand2_f_dif_seg_1_cropped.jpeg,f
390,./asl_dataset/f/hand1_f_dif_seg_2_cropped.jpeg,f
391,./asl_dataset/f/hand1_f_top_seg_1_cropped.jpeg,f
392,./asl_dataset/f/hand2_f_right_seg_5_cropped.jpeg,f
393,./asl_dataset/f/hand1_f_left_seg_2_cropped.jpeg,f
394,./asl_dataset/f/hand2_f_left_seg_5_cropped.jpeg,f
395,./asl_dataset/f/hand5_f_bot_seg_5_cropped.jpeg,f
396,./asl_dataset/f/hand4_f_bot_seg_5_cropped.jpeg,f
397,./asl_dataset/f/hand2_f_top_seg_5_cropped.jpeg,f
398,./asl_dataset/f/hand3_f_dif_seg_5_cropped.jpeg,f
399,./asl_dataset/f/hand2_f_left_seg_4_cropped.jpeg,f
400,./asl_dataset/f/hand1_f_right_seg_4_cropped.jpeg,f
401,./asl_dataset/f/hand1_f_right_seg_5_cropped.jpeg,f
402,./asl_dataset/f/hand1_f_dif_seg_1_cropped.jpeg,f
403,./asl_dataset/f/hand1_f_left_seg_4_cropped.jpeg,f
404,./asl_dataset/f/hand1_f_dif_seg_4_cropped.jpeg,f
405,./asl_dataset/f/hand2_f_top_seg_3_cropped.jpeg,f
406,./asl_dataset/f/hand3_f_dif_seg_2_cropped.jpeg,f
407,./asl_dataset/f/hand2_f_top_seg_4_cropped.jpeg,f
408,./asl_dataset/f/hand4_f_bot_seg_4_cropped.jpeg,f
409,./asl_dataset/f/hand5_f_bot_seg_2_cropped.jpeg,f
410,./asl_dataset/f/hand3_f_dif_seg_4_cropped.jpeg,f
411,./asl_dataset/f/hand1_f_top_seg_5_cropped.jpeg,f
412,./asl_dataset/f/hand2_f_bot_seg_1_cropped.jpeg,f
413,./asl_dataset/f/hand2_f_top_seg_1_cropped.jpeg,f
414,./asl_dataset/f/hand1_f_bot_seg_2_cropped.jpeg,f
415,./asl_dataset/f/hand2_f_right_seg_4_cropped.jpeg,f
416,./asl_dataset/f/hand2_f_bot_seg_3_cropped.jpeg,f
417,./asl_dataset/f/hand2_f_right_seg_2_cropped.jpeg,f
418,./asl_dataset/f/hand2_f_top_seg_2_cropped.jpeg,f
419,./asl_dataset/f/hand2_f_left_seg_2_cropped.jpeg,f
420,./asl_dataset/g/hand4_g_bot_seg_3_cropped.jpeg,g
421,./asl_dataset/g/hand2_g_left_seg_5_cropped.jpeg,g
422,./asl_dataset/g/hand3_g_dif_seg_2_cropped.jpeg,g
423,./asl_dataset/g/hand1_g_bot_seg_1_cropped.jpeg,g
424,./asl_dataset/g/hand1_g_top_seg_5_cropped.jpeg,g
425,./asl_dataset/g/hand5_g_dif_seg_4_cropped.jpeg,g
426,./asl_dataset/g/hand2_g_top_seg_5_cropped.jpeg,g
427,./asl_dataset/g/hand2_g_right_seg_1_cropped.jpeg,g
428,./asl_dataset/g/hand4_g_bot_seg_1_cropped.jpeg,g
429,./asl_dataset/g/hand3_g_dif_seg_3_cropped.jpeg,g
430,./asl_dataset/g/hand4_g_bot_seg_4_cropped.jpeg,g
431,./asl_dataset/g/hand1_g_left_seg_3_cropped.jpeg,g
432,./asl_dataset/g/hand1_g_top_seg_3_cropped.jpeg,g
433,./asl_dataset/g/hand1_g_left_seg_4_cropped.jpeg,g
434,./asl_dataset/g/hand2_g_bot_seg_2_cropped.jpeg,g
435,./asl_dataset/g/hand2_g_left_seg_4_cropped.jpeg,g
436,./asl_dataset/g/hand5_g_bot_seg_1_cropped.jpeg,g
437,./asl_dataset/g/hand2_g_left_seg_1_cropped.jpeg,g
438,./asl_dataset/g/hand3_g_dif_seg_4_cropped.jpeg,g
439,./asl_dataset/g/hand1_g_right_seg_1_cropped.jpeg,g
440,./asl_dataset/g/hand2_g_top_seg_2_cropped.jpeg,g
441,./asl_dataset/g/hand2_g_top_seg_1_cropped.jpeg,g
442,./asl_dataset/g/hand5_g_dif_seg_3_cropped.jpeg,g
443,./asl_dataset/g/hand2_g_bot_seg_4_cropped.jpeg,g
444,./asl_dataset/g/hand5_g_bot_seg_3_cropped.jpeg,g
445,./asl_dataset/g/hand5_g_bot_seg_2_cropped.jpeg,g
446,./asl_dataset/g/hand4_g_bot_seg_2_cropped.jpeg,g
447,./asl_dataset/g/hand1_g_bot_seg_4_cropped.jpeg,g
448,./asl_dataset/g/hand1_g_bot_seg_2_cropped.jpeg,g
449,./asl_dataset/g/hand2_g_bot_seg_1_cropped.jpeg,g
450,./asl_dataset/g/hand2_g_right_seg_5_cropped.jpeg,g
451,./asl_dataset/g/hand1_g_top_seg_2_cropped.jpeg,g
452,./asl_dataset/g/hand1_g_dif_seg_5_cropped.jpeg,g
453,./asl_dataset/g/hand1_g_right_seg_5_cropped.jpeg,g
454,./asl_dataset/g/hand2_g_right_seg_2_cropped.jpeg,g
455,./asl_dataset/g/hand4_g_bot_seg_5_cropped.jpeg,g
456,./asl_dataset/g/hand1_g_left_seg_1_cropped.jpeg,g
457,./asl_dataset/g/hand5_g_bot_seg_5_cropped.jpeg,g
458,./asl_dataset/g/hand2_g_left_seg_2_cropped.jpeg,g
459,./asl_dataset/g/hand3_g_dif_seg_5_cropped.jpeg,g
460,./asl_dataset/g/hand1_g_dif_seg_3_cropped.jpeg,g
461,./asl_dataset/g/hand1_g_left_seg_5_cropped.jpeg,g
462,./asl_dataset/g/hand1_g_right_seg_2_cropped.jpeg,g
463,./asl_dataset/g/hand5_g_bot_seg_4_cropped.jpeg,g
464,./asl_dataset/g/hand2_g_top_seg_4_cropped.jpeg,g
465,./asl_dataset/g/hand1_g_bot_seg_5_cropped.jpeg,g
466,./asl_dataset/g/hand1_g_dif_seg_2_cropped.jpeg,g
467,./asl_dataset/g/hand2_g_bot_seg_3_cropped.jpeg,g
468,./asl_dataset/g/hand2_g_right_seg_3_cropped.jpeg,g
469,./asl_dataset/g/hand1_g_right_seg_4_cropped.jpeg,g
470,./asl_dataset/g/hand2_g_dif_seg_2_cropped.jpeg,g
471,./asl_dataset/g/hand2_g_bot_seg_5_cropped.jpeg,g
472,./asl_dataset/g/hand1_g_dif_seg_4_cropped.jpeg,g
473,./asl_dataset/g/hand2_g_dif_seg_3_cropped.jpeg,g
474,./asl_dataset/g/hand2_g_dif_seg_1_cropped.jpeg,g
475,./asl_dataset/g/hand1_g_left_seg_2_cropped.jpeg,g
476,./asl_dataset/g/hand5_g_dif_seg_2_cropped.jpeg,g
477,./asl_dataset/g/hand1_g_right_seg_3_cropped.jpeg,g
478,./asl_dataset/g/hand1_g_top_seg_4_cropped.jpeg,g
479,./asl_dataset/g/hand2_g_top_seg_3_cropped.jpeg,g
480,./asl_dataset/g/hand1_g_dif_seg_1_cropped.jpeg,g
481,./asl_dataset/g/hand2_g_left_seg_3_cropped.jpeg,g
482,./asl_dataset/g/hand5_g_dif_seg_1_cropped.jpeg,g
483,./asl_dataset/g/hand2_g_dif_seg_4_cropped.jpeg,g
484,./asl_dataset/g/hand2_g_dif_seg_5_cropped.jpeg,g
485,./asl_dataset/g/hand3_g_dif_seg_1_cropped.jpeg,g
486,./asl_dataset/g/hand1_g_bot_seg_3_cropped.jpeg,g
487,./asl_dataset/g/hand2_g_right_seg_4_cropped.jpeg,g
488,./asl_dataset/g/hand1_g_top_seg_1_cropped.jpeg,g
489,./asl_dataset/g/hand5_g_dif_seg_5_cropped.jpeg,g
490,./asl_dataset/h/hand2_h_bot_seg_4_cropped.jpeg,h
491,./asl_dataset/h/hand4_h_bot_seg_4_cropped.jpeg,h
492,./asl_dataset/h/hand1_h_dif_seg_5_cropped.jpeg,h
493,./asl_dataset/h/hand2_h_top_seg_2_cropped.jpeg,h
494,./asl_dataset/h/hand1_h_dif_seg_2_cropped.jpeg,h
495,./asl_dataset/h/hand5_h_dif_seg_5_cropped.jpeg,h
496,./asl_dataset/h/hand5_h_dif_seg_3_cropped.jpeg,h
497,./asl_dataset/h/hand5_h_bot_seg_3_cropped.jpeg,h
498,./asl_dataset/h/hand2_h_right_seg_3_cropped.jpeg,h
499,./asl_dataset/h/hand2_h_left_seg_5_cropped.jpeg,h
500,./asl_dataset/h/hand2_h_dif_seg_1_cropped.jpeg,h
501,./asl_dataset/h/hand5_h_dif_seg_4_cropped.jpeg,h
502,./asl_dataset/h/hand5_h_dif_seg_2_cropped.jpeg,h
503,./asl_dataset/h/hand5_h_bot_seg_1_cropped.jpeg,h
504,./asl_dataset/h/hand1_h_bot_seg_3_cropped.jpeg,h
505,./asl_dataset/h/hand3_h_dif_seg_1_cropped.jpeg,h
506,./asl_dataset/h/hand1_h_bot_seg_4_cropped.jpeg,h
507,./asl_dataset/h/hand2_h_left_seg_3_cropped.jpeg,h
508,./asl_dataset/h/hand2_h_top_seg_1_cropped.jpeg,h
509,./asl_dataset/h/hand4_h_bot_seg_2_cropped.jpeg,h
510,./asl_dataset/h/hand2_h_dif_seg_5_cropped.jpeg,h
511,./asl_dataset/h/hand4_h_bot_seg_3_cropped.jpeg,h
512,./asl_dataset/h/hand1_h_top_seg_2_cropped.jpeg,h
513,./asl_dataset/h/hand2_h_top_seg_5_cropped.jpeg,h
514,./asl_dataset/h/hand1_h_top_seg_5_cropped.jpeg,h
515,./asl_dataset/h/hand1_h_dif_seg_4_cropped.jpeg,h
516,./asl_dataset/h/hand2_h_bot_seg_3_cropped.jpeg,h
517,./asl_dataset/h/hand1_h_bot_seg_2_cropped.jpeg,h
518,./asl_dataset/h/hand3_h_dif_seg_2_cropped.jpeg,h
519,./asl_dataset/h/hand2_h_right_seg_2_cropped.jpeg,h
520,./asl_dataset/h/hand1_h_top_seg_4_cropped.jpeg,h
521,./asl_dataset/h/hand1_h_dif_seg_1_cropped.jpeg,h
522,./asl_dataset/h/hand2_h_left_seg_1_cropped.jpeg,h
523,./asl_dataset/h/hand2_h_bot_seg_1_cropped.jpeg,h
524,./asl_dataset/h/hand1_h_top_seg_1_cropped.jpeg,h
525,./asl_dataset/h/hand1_h_left_seg_4_cropped.jpeg,h
526,./asl_dataset/h/hand5_h_dif_seg_1_cropped.jpeg,h
527,./asl_dataset/h/hand2_h_bot_seg_5_cropped.jpeg,h
528,./asl_dataset/h/hand2_h_right_seg_1_cropped.jpeg,h
529,./asl_dataset/h/hand1_h_bot_seg_5_cropped.jpeg,h
530,./asl_dataset/h/hand1_h_left_seg_3_cropped.jpeg,h
531,./asl_dataset/h/hand1_h_right_seg_5_cropped.jpeg,h
532,./asl_dataset/h/hand2_h_left_seg_4_cropped.jpeg,h
533,./asl_dataset/h/hand4_h_bot_seg_5_cropped.jpeg,h
534,./asl_dataset/h/hand1_h_right_seg_2_cropped.jpeg,h
535,./asl_dataset/h/hand4_h_bot_seg_1_cropped.jpeg,h
536,./asl_dataset/h/hand2_h_top_seg_4_cropped.jpeg,h
537,./asl_dataset/h/hand2_h_dif_seg_4_cropped.jpeg,h
538,./asl_dataset/h/hand2_h_left_seg_2_cropped.jpeg,h
539,./asl_dataset/h/hand2_h_dif_seg_2_cropped.jpeg,h
540,./asl_dataset/h/hand2_h_right_seg_5_cropped.jpeg,h
541,./asl_dataset/h/hand1_h_top_seg_3_cropped.jpeg,h
542,./asl_dataset/h/hand1_h_left_seg_2_cropped.jpeg,h
543,./asl_dataset/h/hand2_h_dif_seg_3_cropped.jpeg,h
544,./asl_dataset/h/hand3_h_dif_seg_3_cropped.jpeg,h
545,./asl_dataset/h/hand1_h_bot_seg_1_cropped.jpeg,h
546,./asl_dataset/h/hand5_h_bot_seg_2_cropped.jpeg,h
547,./asl_dataset/h/hand5_h_bot_seg_4_cropped.jpeg,h
548,./asl_dataset/h/hand1_h_left_seg_5_cropped.jpeg,h
549,./asl_dataset/h/hand2_h_right_seg_4_cropped.jpeg,h
550,./asl_dataset/h/hand1_h_right_seg_3_cropped.jpeg,h
551,./asl_dataset/h/hand2_h_top_seg_3_cropped.jpeg,h
552,./asl_dataset/h/hand1_h_right_seg_1_cropped.jpeg,h
553,./asl_dataset/h/hand1_h_left_seg_1_cropped.jpeg,h
554,./asl_dataset/h/hand3_h_dif_seg_4_cropped.jpeg,h
555,./asl_dataset/h/hand1_h_dif_seg_3_cropped.jpeg,h
556,./asl_dataset/h/hand1_h_right_seg_4_cropped.jpeg,h
557,./asl_dataset/h/hand2_h_bot_seg_2_cropped.jpeg,h
558,./asl_dataset/h/hand5_h_bot_seg_5_cropped.jpeg,h
559,./asl_dataset/h/hand3_h_dif_seg_5_cropped.jpeg,h
560,./asl_dataset/i/hand2_i_bot_seg_2_cropped.jpeg,i
561,./asl_dataset/i/hand4_i_bot_seg_2_cropped.jpeg,i
562,./asl_dataset/i/hand2_i_dif_seg_4_cropped.jpeg,i
563,./asl_dataset/i/hand1_i_left_seg_1_cropped.jpeg,i
564,./asl_dataset/i/hand1_i_top_seg_1_cropped.jpeg,i
565,./asl_dataset/i/hand5_i_bot_seg_4_cropped.jpeg,i
566,./asl_dataset/i/hand1_i_right_seg_1_cropped.jpeg,i
567,./asl_dataset/i/hand1_i_top_seg_4_cropped.jpeg,i
568,./asl_dataset/i/hand4_i_bot_seg_3_cropped.jpeg,i
569,./asl_dataset/i/hand1_i_dif_seg_2_cropped.jpeg,i
570,./asl_dataset/i/hand2_i_bot_seg_3_cropped.jpeg,i
571,./asl_dataset/i/hand1_i_bot_seg_5_cropped.jpeg,i
572,./asl_dataset/i/hand1_i_left_seg_3_cropped.jpeg,i
573,./asl_dataset/i/hand2_i_left_seg_2_cropped.jpeg,i
574,./asl_dataset/i/hand5_i_dif_seg_2_cropped.jpeg,i
575,./asl_dataset/i/hand1_i_left_seg_5_cropped.jpeg,i
576,./asl_dataset/i/hand2_i_right_seg_3_cropped.jpeg,i
577,./asl_dataset/i/hand2_i_top_seg_4_cropped.jpeg,i
578,./asl_dataset/i/hand1_i_top_seg_2_cropped.jpeg,i
579,./asl_dataset/i/hand1_i_right_seg_4_cropped.jpeg,i
580,./asl_dataset/i/hand2_i_dif_seg_1_cropped.jpeg,i
581,./asl_dataset/i/hand1_i_left_seg_4_cropped.jpeg,i
582,./asl_dataset/i/hand1_i_right_seg_5_cropped.jpeg,i
583,./asl_dataset/i/hand4_i_bot_seg_5_cropped.jpeg,i
584,./asl_dataset/i/hand2_i_left_seg_3_cropped.jpeg,i
585,./asl_dataset/i/hand5_i_bot_seg_2_cropped.jpeg,i
586,./asl_dataset/i/hand4_i_bot_seg_4_cropped.jpeg,i
587,./asl_dataset/i/hand2_i_right_seg_2_cropped.jpeg,i
588,./asl_dataset/i/hand3_i_dif_seg_5_cropped.jpeg,i
589,./asl_dataset/i/hand1_i_dif_seg_5_cropped.jpeg,i
590,./asl_dataset/i/hand3_i_dif_seg_3_cropped.jpeg,i
591,./asl_dataset/i/hand4_i_bot_seg_1_cropped.jpeg,i
592,./asl_dataset/i/hand1_i_dif_seg_1_cropped.jpeg,i
593,./asl_dataset/i/hand2_i_dif_seg_5_cropped.jpeg,i
594,./asl_dataset/i/hand2_i_right_seg_1_cropped.jpeg,i
595,./asl_dataset/i/hand3_i_dif_seg_4_cropped.jpeg,i
596,./asl_dataset/i/hand2_i_top_seg_5_cropped.jpeg,i
597,./asl_dataset/i/hand2_i_dif_seg_3_cropped.jpeg,i
598,./asl_dataset/i/hand5_i_bot_seg_1_cropped.jpeg,i
599,./asl_dataset/i/hand5_i_bot_seg_3_cropped.jpeg,i
600,./asl_dataset/i/hand5_i_dif_seg_1_cropped.jpeg,i
601,./asl_dataset/i/hand5_i_dif_seg_5_cropped.jpeg,i
602,./asl_dataset/i/hand2_i_right_seg_4_cropped.jpeg,i
603,./asl_dataset/i/hand5_i_dif_seg_4_cropped.jpeg,i
604,./asl_dataset/i/hand2_i_right_seg_5_cropped.jpeg,i
605,./asl_dataset/i/hand1_i_bot_seg_4_cropped.jpeg,i
606,./asl_dataset/i/hand5_i_bot_seg_5_cropped.jpeg,i
607,./asl_dataset/i/hand1_i_dif_seg_3_cropped.jpeg,i
608,./asl_dataset/i/hand1_i_top_seg_5_cropped.jpeg,i
609,./asl_dataset/i/hand1_i_right_seg_3_cropped.jpeg,i
610,./asl_dataset/i/hand1_i_bot_seg_2_cropped.jpeg,i
611,./asl_dataset/i/hand1_i_right_seg_2_cropped.jpeg,i
612,./asl_dataset/i/hand2_i_left_seg_4_cropped.jpeg,i
613,./asl_dataset/i/hand5_i_dif_seg_3_cropped.jpeg,i
614,./asl_dataset/i/hand1_i_bot_seg_1_cropped.jpeg,i
615,./asl_dataset/i/hand2_i_bot_seg_5_cropped.jpeg,i
616,./asl_dataset/i/hand2_i_top_seg_2_cropped.jpeg,i
617,./asl_dataset/i/hand1_i_top_seg_3_cropped.jpeg,i
618,./asl_dataset/i/hand1_i_dif_seg_4_cropped.jpeg,i
619,./asl_dataset/i/hand3_i_dif_seg_2_cropped.jpeg,i
620,./asl_dataset/i/hand2_i_bot_seg_1_cropped.jpeg,i
621,./asl_dataset/i/hand2_i_left_seg_1_cropped.jpeg,i
622,./asl_dataset/i/hand2_i_dif_seg_2_cropped.jpeg,i
623,./asl_dataset/i/hand1_i_left_seg_2_cropped.jpeg,i
624,./asl_dataset/i/hand2_i_left_seg_5_cropped.jpeg,i
625,./asl_dataset/i/hand1_i_bot_seg_3_cropped.jpeg,i
626,./asl_dataset/i/hand2_i_top_seg_3_cropped.jpeg,i
627,./asl_dataset/i/hand2_i_bot_seg_4_cropped.jpeg,i
628,./asl_dataset/i/hand3_i_dif_seg_1_cropped.jpeg,i
629,./asl_dataset/i/hand2_i_top_seg_1_cropped.jpeg,i
630,./asl_dataset/j/hand2_j_top_seg_2_cropped.jpeg,j
631,./asl_dataset/j/hand1_j_dif_seg_5_cropped.jpeg,j
632,./asl_dataset/j/hand4_j_bot_seg_1_cropped.jpeg,j
633,./asl_dataset/j/hand1_j_left_seg_1_cropped.jpeg,j
634,./asl_dataset/j/hand1_j_top_seg_3_cropped.jpeg,j
635,./asl_dataset/j/hand2_j_dif_seg_4_cropped.jpeg,j
636,./asl_dataset/j/hand5_j_dif_seg_3_cropped.jpeg,j
637,./asl_dataset/j/hand2_j_bot_seg_1_cropped.jpeg,j
638,./asl_dataset/j/hand1_j_left_seg_2_cropped.jpeg,j
639,./asl_dataset/j/hand3_j_dif_seg_5_cropped.jpeg,j
640,./asl_dataset/j/hand5_j_bot_seg_3_cropped.jpeg,j
641,./asl_dataset/j/hand1_j_right_seg_3_cropped.jpeg,j
642,./asl_dataset/j/hand2_j_left_seg_3_cropped.jpeg,j
643,./asl_dataset/j/hand3_j_dif_seg_4_cropped.jpeg,j
644,./asl_dataset/j/hand1_j_dif_seg_3_cropped.jpeg,j
645,./asl_dataset/j/hand2_j_top_seg_1_cropped.jpeg,j
646,./asl_dataset/j/hand2_j_dif_seg_2_cropped.jpeg,j
647,./asl_dataset/j/hand2_j_left_seg_5_cropped.jpeg,j
648,./asl_dataset/j/hand2_j_right_seg_3_cropped.jpeg,j
649,./asl_dataset/j/hand1_j_left_seg_5_cropped.jpeg,j
650,./asl_dataset/j/hand1_j_right_seg_1_cropped.jpeg,j
651,./asl_dataset/j/hand1_j_dif_seg_1_cropped.jpeg,j
652,./asl_dataset/j/hand5_j_dif_seg_5_cropped.jpeg,j
653,./asl_dataset/j/hand1_j_bot_seg_3_cropped.jpeg,j
654,./asl_dataset/j/hand2_j_dif_seg_5_cropped.jpeg,j
655,./asl_dataset/j/hand2_j_right_seg_4_cropped.jpeg,j
656,./asl_dataset/j/hand3_j_dif_seg_1_cropped.jpeg,j
657,./asl_dataset/j/hand4_j_bot_seg_5_cropped.jpeg,j
658,./asl_dataset/j/hand1_j_top_seg_1_cropped.jpeg,j
659,./asl_dataset/j/hand1_j_top_seg_4_cropped.jpeg,j
660,./asl_dataset/j/hand2_j_dif_seg_1_cropped.jpeg,j
661,./asl_dataset/j/hand2_j_right_seg_1_cropped.jpeg,j
662,./asl_dataset/j/hand2_j_bot_seg_4_cropped.jpeg,j
663,./asl_dataset/j/hand2_j_bot_seg_2_cropped.jpeg,j
664,./asl_dataset/j/hand1_j_bot_seg_2_cropped.jpeg,j
665,./asl_dataset/j/hand4_j_bot_seg_3_cropped.jpeg,j
666,./asl_dataset/j/hand2_j_left_seg_2_cropped.jpeg,j
667,./asl_dataset/j/hand5_j_bot_seg_4_cropped.jpeg,j
668,./asl_dataset/j/hand2_j_right_seg_2_cropped.jpeg,j
669,./asl_dataset/j/hand3_j_dif_seg_3_cropped.jpeg,j
670,./asl_dataset/j/hand5_j_bot_seg_5_cropped.jpeg,j
671,./asl_dataset/j/hand1_j_right_seg_4_cropped.jpeg,j
672,./asl_dataset/j/hand4_j_bot_seg_4_cropped.jpeg,j
673,./asl_dataset/j/hand2_j_dif_seg_3_cropped.jpeg,j
674,./asl_dataset/j/hand2_j_left_seg_4_cropped.jpeg,j
675,./asl_dataset/j/hand1_j_left_seg_4_cropped.jpeg,j
676,./asl_dataset/j/hand5_j_bot_seg_1_cropped.jpeg,j
677,./asl_dataset/j/hand5_j_dif_seg_2_cropped.jpeg,j
678,./asl_dataset/j/hand4_j_bot_seg_2_cropped.jpeg,j
679,./asl_dataset/j/hand2_j_top_seg_4_cropped.jpeg,j
680,./asl_dataset/j/hand1_j_left_seg_3_cropped.jpeg,j
681,./asl_dataset/j/hand2_j_bot_seg_3_cropped.jpeg,j
682,./asl_dataset/j/hand1_j_right_seg_2_cropped.jpeg,j
683,./asl_dataset/j/hand1_j_bot_seg_4_cropped.jpeg,j
684,./asl_dataset/j/hand1_j_bot_seg_5_cropped.jpeg,j
685,./asl_dataset/j/hand5_j_dif_seg_4_cropped.jpeg,j
686,./asl_dataset/j/hand2_j_right_seg_5_cropped.jpeg,j
687,./asl_dataset/j/hand1_j_dif_seg_2_cropped.jpeg,j
688,./asl_dataset/j/hand1_j_top_seg_2_cropped.jpeg,j
689,./asl_dataset/j/hand5_j_bot_seg_2_cropped.jpeg,j
690,./asl_dataset/j/hand1_j_bot_seg_1_cropped.jpeg,j
691,./asl_dataset/j/hand2_j_top_seg_3_cropped.jpeg,j
692,./asl_dataset/j/hand2_j_top_seg_5_cropped.jpeg,j
693,./asl_dataset/j/hand1_j_top_seg_5_cropped.jpeg,j
694,./asl_dataset/j/hand2_j_bot_seg_5_cropped.jpeg,j
695,./asl_dataset/j/hand1_j_right_seg_5_cropped.jpeg,j
696,./asl_dataset/j/hand5_j_dif_seg_1_cropped.jpeg,j
697,./asl_dataset/j/hand2_j_left_seg_1_cropped.jpeg,j
698,./asl_dataset/j/hand3_j_dif_seg_2_cropped.jpeg,j
699,./asl_dataset/j/hand1_j_dif_seg_4_cropped.jpeg,j
700,./asl_dataset/k/hand2_k_top_seg_2_cropped.jpeg,k
701,./asl_dataset/k/hand2_k_bot_seg_4_cropped.jpeg,k
702,./asl_dataset/k/hand5_k_bot_seg_1_cropped.jpeg,k
703,./asl_dataset/k/hand1_k_right_seg_2_cropped.jpeg,k
704,./asl_dataset/k/hand1_k_left_seg_2_cropped.jpeg,k
705,./asl_dataset/k/hand2_k_right_seg_1_cropped.jpeg,k
706,./asl_dataset/k/hand2_k_bot_seg_3_cropped.jpeg,k
707,./asl_dataset/k/hand2_k_dif_seg_5_cropped.jpeg,k
708,./asl_dataset/k/hand3_k_dif_seg_1_cropped.jpeg,k
709,./asl_dataset/k/hand5_k_dif_seg_1_cropped.jpeg,k
710,./asl_dataset/k/hand2_k_left_seg_5_cropped.jpeg,k
711,./asl_dataset/k/hand3_k_dif_seg_3_cropped.jpeg,k
712,./asl_dataset/k/hand3_k_dif_seg_2_cropped.jpeg,k
713,./asl_dataset/k/hand1_k_bot_seg_5_cropped.jpeg,k
714,./asl_dataset/k/hand1_k_left_seg_3_cropped.jpeg,k
715,./asl_dataset/k/hand1_k_top_seg_1_cropped.jpeg,k
716,./asl_dataset/k/hand2_k_right_seg_2_cropped.jpeg,k
717,./asl_dataset/k/hand1_k_dif_seg_4_cropped.jpeg,k
718,./asl_dataset/k/hand2_k_bot_seg_1_cropped.jpeg,k
719,./asl_dataset/k/hand1_k_right_seg_3_cropped.jpeg,k
720,./asl_dataset/k/hand2_k_left_seg_1_cropped.jpeg,k
721,./asl_dataset/k/hand2_k_dif_seg_3_cropped.jpeg,k
722,./asl_dataset/k/hand1_k_top_seg_4_cropped.jpeg,k
723,./asl_dataset/k/hand1_k_top_seg_5_cropped.jpeg,k
724,./asl_dataset/k/hand1_k_dif_seg_3_cropped.jpeg,k
725,./asl_dataset/k/hand5_k_dif_seg_5_cropped.jpeg,k
726,./asl_dataset/k/hand5_k_dif_seg_3_cropped.jpeg,k
727,./asl_dataset/k/hand4_k_bot_seg_3_cropped.jpeg,k
728,./asl_dataset/k/hand2_k_left_seg_2_cropped.jpeg,k
729,./asl_dataset/k/hand1_k_left_seg_1_cropped.jpeg,k
730,./asl_dataset/k/hand2_k_dif_seg_1_cropped.jpeg,k
731,./asl_dataset/k/hand2_k_top_seg_3_cropped.jpeg,k
732,./asl_dataset/k/hand2_k_right_seg_3_cropped.jpeg,k
733,./asl_dataset/k/hand1_k_bot_seg_2_cropped.jpeg,k
734,./asl_dataset/k/hand2_k_top_seg_4_cropped.jpeg,k
735,./asl_dataset/k/hand2_k_left_seg_3_cropped.jpeg,k
736,./asl_dataset/k/hand2_k_top_seg_1_cropped.jpeg,k
737,./asl_dataset/k/hand1_k_bot_seg_1_cropped.jpeg,k
738,./asl_dataset/k/hand5_k_bot_seg_3_cropped.jpeg,k
739,./asl_dataset/k/hand2_k_top_seg_5_cropped.jpeg,k
740,./asl_dataset/k/hand5_k_bot_seg_2_cropped.jpeg,k
741,./asl_dataset/k/hand5_k_dif_seg_4_cropped.jpeg,k
742,./asl_dataset/k/hand2_k_dif_seg_2_cropped.jpeg,k
743,./asl_dataset/k/hand2_k_bot_seg_5_cropped.jpeg,k
744,./asl_dataset/k/hand1_k_dif_seg_2_cropped.jpeg,k
745,./asl_dataset/k/hand1_k_right_seg_5_cropped.jpeg,k
746,./asl_dataset/k/hand5_k_bot_seg_4_cropped.jpeg,k
747,./asl_dataset/k/hand5_k_dif_seg_2_cropped.jpeg,k
748,./asl_dataset/k/hand1_k_top_seg_2_cropped.jpeg,k
749,./asl_dataset/k/hand4_k_bot_seg_2_cropped.jpeg,k
750,./asl_dataset/k/hand1_k_bot_seg_3_cropped.jpeg,k
751,./asl_dataset/k/hand1_k_left_seg_5_cropped.jpeg,k
752,./asl_dataset/k/hand4_k_bot_seg_1_cropped.jpeg,k
753,./asl_dataset/k/hand3_k_dif_seg_4_cropped.jpeg,k
754,./asl_dataset/k/hand3_k_dif_seg_5_cropped.jpeg,k
755,./asl_dataset/k/hand1_k_right_seg_4_cropped.jpeg,k
756,./asl_dataset/k/hand4_k_bot_seg_5_cropped.jpeg,k
757,./asl_dataset/k/hand1_k_left_seg_4_cropped.jpeg,k
758,./asl_dataset/k/hand1_k_bot_seg_4_cropped.jpeg,k
759,./asl_dataset/k/hand1_k_dif_seg_1_cropped.jpeg,k
760,./asl_dataset/k/hand2_k_right_seg_5_cropped.jpeg,k
761,./asl_dataset/k/hand2_k_dif_seg_4_cropped.jpeg,k
762,./asl_dataset/k/hand1_k_dif_seg_5_cropped.jpeg,k
763,./asl_dataset/k/hand4_k_bot_seg_4_cropped.jpeg,k
764,./asl_dataset/k/hand2_k_bot_seg_2_cropped.jpeg,k
765,./asl_dataset/k/hand5_k_bot_seg_5_cropped.jpeg,k
766,./asl_dataset/k/hand2_k_right_seg_4_cropped.jpeg,k
767,./asl_dataset/k/hand2_k_left_seg_4_cropped.jpeg,k
768,./asl_dataset/k/hand1_k_top_seg_3_cropped.jpeg,k
769,./asl_dataset/k/hand1_k_right_seg_1_cropped.jpeg,k
770,./asl_dataset/l/hand1_l_top_seg_2_cropped.jpeg,l
771,./asl_dataset/l/hand2_l_dif_seg_1_cropped.jpeg,l
772,./asl_dataset/l/hand2_l_left_seg_1_cropped.jpeg,l
773,./asl_dataset/l/hand1_l_top_seg_5_cropped.jpeg,l
774,./asl_dataset/l/hand1_l_dif_seg_2_cropped.jpeg,l
775,./asl_dataset/l/hand2_l_bot_seg_2_cropped.jpeg,l
776,./asl_dataset/l/hand4_l_bot_seg_3_cropped.jpeg,l
777,./asl_dataset/l/hand2_l_top_seg_5_cropped.jpeg,l
778,./asl_dataset/l/hand2_l_right_seg_4_cropped.jpeg,l
779,./asl_dataset/l/hand1_l_dif_seg_1_cropped.jpeg,l
780,./asl_dataset/l/hand2_l_top_seg_3_cropped.jpeg,l
781,./asl_dataset/l/hand1_l_bot_seg_4_cropped.jpeg,l
782,./asl_dataset/l/hand3_l_dif_seg_4_cropped.jpeg,l
783,./asl_dataset/l/hand5_l_dif_seg_5_cropped.jpeg,l
784,./asl_dataset/l/hand1_l_dif_seg_4_cropped.jpeg,l
785,./asl_dataset/l/hand2_l_left_seg_3_cropped.jpeg,l
786,./asl_dataset/l/hand1_l_bot_seg_2_cropped.jpeg,l
787,./asl_dataset/l/hand3_l_dif_seg_5_cropped.jpeg,l
788,./asl_dataset/l/hand3_l_dif_seg_2_cropped.jpeg,l
789,./asl_dataset/l/hand1_l_right_seg_1_cropped.jpeg,l
790,./asl_dataset/l/hand1_l_left_seg_1_cropped.jpeg,l
791,./asl_dataset/l/hand2_l_left_seg_4_cropped.jpeg,l
792,./asl_dataset/l/hand5_l_bot_seg_5_cropped.jpeg,l
793,./asl_dataset/l/hand5_l_bot_seg_2_cropped.jpeg,l
794,./asl_dataset/l/hand1_l_right_seg_4_cropped.jpeg,l
795,./asl_dataset/l/hand4_l_bot_seg_4_cropped.jpeg,l
796,./asl_dataset/l/hand1_l_left_seg_3_cropped.jpeg,l
797,./asl_dataset/l/hand2_l_bot_seg_4_cropped.jpeg,l
798,./asl_dataset/l/hand4_l_bot_seg_2_cropped.jpeg,l
799,./asl_dataset/l/hand1_l_left_seg_4_cropped.jpeg,l
800,./asl_dataset/l/hand4_l_bot_seg_1_cropped.jpeg,l
801,./asl_dataset/l/hand5_l_dif_seg_4_cropped.jpeg,l
802,./asl_dataset/l/hand2_l_dif_seg_3_cropped.jpeg,l
803,./asl_dataset/l/hand1_l_right_seg_5_cropped.jpeg,l
804,./asl_dataset/l/hand5_l_bot_seg_4_cropped.jpeg,l
805,./asl_dataset/l/hand3_l_dif_seg_3_cropped.jpeg,l
806,./asl_dataset/l/hand1_l_top_seg_3_cropped.jpeg,l
807,./asl_dataset/l/hand2_l_dif_seg_5_cropped.jpeg,l
808,./asl_dataset/l/hand2_l_left_seg_5_cropped.jpeg,l
809,./asl_dataset/l/hand2_l_bot_seg_3_cropped.jpeg,l
810,./asl_dataset/l/hand1_l_right_seg_3_cropped.jpeg,l
811,./asl_dataset/l/hand1_l_dif_seg_3_cropped.jpeg,l
812,./asl_dataset/l/hand1_l_bot_seg_1_cropped.jpeg,l
813,./asl_dataset/l/hand5_l_bot_seg_3_cropped.jpeg,l
814,./asl_dataset/l/hand2_l_dif_seg_2_cropped.jpeg,l
815,./asl_dataset/l/hand2_l_right_seg_2_cropped.jpeg,l
816,./asl_dataset/l/hand2_l_bot_seg_1_cropped.jpeg,l
817,./asl_dataset/l/hand2_l_left_seg_2_cropped.jpeg,l
818,./asl_dataset/l/hand5_l_bot_seg_1_cropped.jpeg,l
819,./asl_dataset/l/hand1_l_top_seg_4_cropped.jpeg,l
820,./asl_dataset/l/hand1_l_left_seg_2_cropped.jpeg,l
821,./asl_dataset/l/hand2_l_top_seg_1_cropped.jpeg,l
822,./asl_dataset/l/hand1_l_dif_seg_5_cropped.jpeg,l
823,./asl_dataset/l/hand3_l_dif_seg_1_cropped.jpeg,l
824,./asl_dataset/l/hand2_l_right_seg_1_cropped.jpeg,l
825,./asl_dataset/l/hand2_l_top_seg_2_cropped.jpeg,l
826,./asl_dataset/l/hand5_l_dif_seg_1_cropped.jpeg,l
827,./asl_dataset/l/hand4_l_bot_seg_5_cropped.jpeg,l
828,./asl_dataset/l/hand1_l_top_seg_1_cropped.jpeg,l
829,./asl_dataset/l/hand2_l_top_seg_4_cropped.jpeg,l
830,./asl_dataset/l/hand1_l_bot_seg_5_cropped.jpeg,l
831,./asl_dataset/l/hand2_l_right_seg_5_cropped.jpeg,l
832,./asl_dataset/l/hand5_l_dif_seg_3_cropped.jpeg,l
833,./asl_dataset/l/hand5_l_dif_seg_2_cropped.jpeg,l
834,./asl_dataset/l/hand1_l_bot_seg_3_cropped.jpeg,l
835,./asl_dataset/l/hand2_l_bot_seg_5_cropped.jpeg,l
836,./asl_dataset/l/hand2_l_right_seg_3_cropped.jpeg,l
837,./asl_dataset/l/hand2_l_dif_seg_4_cropped.jpeg,l
838,./asl_dataset/l/hand1_l_left_seg_5_cropped.jpeg,l
839,./asl_dataset/l/hand1_l_right_seg_2_cropped.jpeg,l
840,./asl_dataset/m/hand3_m_dif_seg_4_cropped.jpeg,m
841,./asl_dataset/m/hand1_m_left_seg_3_cropped.jpeg,m
842,./asl_dataset/m/hand2_m_dif_seg_3_cropped.jpeg,m
843,./asl_dataset/m/hand4_m_bot_seg_3_cropped.jpeg,m
844,./asl_dataset/m/hand1_m_bot_seg_2_cropped.jpeg,m
845,./asl_dataset/m/hand5_m_bot_seg_3_cropped.jpeg,m
846,./asl_dataset/m/hand5_m_dif_seg_5_cropped.jpeg,m
847,./asl_dataset/m/hand5_m_dif_seg_3_cropped.jpeg,m
848,./asl_dataset/m/hand2_m_right_seg_4_cropped.jpeg,m
849,./asl_dataset/m/hand1_m_top_seg_1_cropped.jpeg,m
850,./asl_dataset/m/hand1_m_dif_seg_2_cropped.jpeg,m
851,./asl_dataset/m/hand2_m_right_seg_3_cropped.jpeg,m
852,./asl_dataset/m/hand2_m_left_seg_2_cropped.jpeg,m
853,./asl_dataset/m/hand1_m_top_seg_4_cropped.jpeg,m
854,./asl_dataset/m/hand4_m_bot_seg_2_cropped.jpeg,m
855,./asl_dataset/m/hand5_m_bot_seg_4_cropped.jpeg,m
856,./asl_dataset/m/hand2_m_right_seg_1_cropped.jpeg,m
857,./asl_dataset/m/hand5_m_bot_seg_5_cropped.jpeg,m
858,./asl_dataset/m/hand1_m_right_seg_1_cropped.jpeg,m
859,./asl_dataset/m/hand4_m_bot_seg_4_cropped.jpeg,m
860,./asl_dataset/m/hand1_m_dif_seg_4_cropped.jpeg,m
861,./asl_dataset/m/hand5_m_bot_seg_1_cropped.jpeg,m
862,./asl_dataset/m/hand1_m_right_seg_5_cropped.jpeg,m
863,./asl_dataset/m/hand1_m_top_seg_5_cropped.jpeg,m
864,./asl_dataset/m/hand1_m_dif_seg_1_cropped.jpeg,m
865,./asl_dataset/m/hand2_m_bot_seg_4_cropped.jpeg,m
866,./asl_dataset/m/hand1_m_dif_seg_5_cropped.jpeg,m
867,./asl_dataset/m/hand1_m_right_seg_4_cropped.jpeg,m
868,./asl_dataset/m/hand3_m_dif_seg_5_cropped.jpeg,m
869,./asl_dataset/m/hand5_m_bot_seg_2_cropped.jpeg,m
870,./asl_dataset/m/hand2_m_top_seg_3_cropped.jpeg,m
871,./asl_dataset/m/hand2_m_left_seg_4_cropped.jpeg,m
872,./asl_dataset/m/hand2_m_dif_seg_4_cropped.jpeg,m
873,./asl_dataset/m/hand2_m_right_seg_5_cropped.jpeg,m
874,./asl_dataset/m/hand5_m_dif_seg_1_cropped.jpeg,m
875,./asl_dataset/m/hand1_m_bot_seg_4_cropped.jpeg,m
876,./asl_dataset/m/hand2_m_dif_seg_1_cropped.jpeg,m
877,./asl_dataset/m/hand1_m_right_seg_3_cropped.jpeg,m
878,./asl_dataset/m/hand1_m_bot_seg_3_cropped.jpeg,m
879,./asl_dataset/m/hand3_m_dif_seg_2_cropped.jpeg,m
880,./asl_dataset/m/hand1_m_top_seg_3_cropped.jpeg,m
881,./asl_dataset/m/hand4_m_bot_seg_1_cropped.jpeg,m
882,./asl_dataset/m/hand1_m_top_seg_2_cropped.jpeg,m
883,./asl_dataset/m/hand1_m_left_seg_4_cropped.jpeg,m
884,./asl_dataset/m/hand2_m_left_seg_1_cropped.jpeg,m
885,./asl_dataset/m/hand1_m_left_seg_2_cropped.jpeg,m
886,./asl_dataset/m/hand2_m_top_seg_5_cropped.jpeg,m
887,./asl_dataset/m/hand2_m_top_seg_1_cropped.jpeg,m
888,./asl_dataset/m/hand1_m_left_seg_5_cropped.jpeg,m
889,./asl_dataset/m/hand2_m_dif_seg_5_cropped.jpeg,m
890,./asl_dataset/m/hand1_m_bot_seg_1_cropped.jpeg,m
891,./asl_dataset/m/hand2_m_bot_seg_1_cropped.jpeg,m
892,./asl_dataset/m/hand4_m_bot_seg_5_cropped.jpeg,m
893,./asl_dataset/m/hand2_m_bot_seg_5_cropped.jpeg,m
894,./asl_dataset/m/hand2_m_dif_seg_2_cropped.jpeg,m
895,./asl_dataset/m/hand5_m_dif_seg_4_cropped.jpeg,m
896,./asl_dataset/m/hand2_m_left_seg_5_cropped.jpeg,m
897,./asl_dataset/m/hand1_m_bot_seg_5_cropped.jpeg,m
898,./asl_dataset/m/hand2_m_bot_seg_2_cropped.jpeg,m
899,./asl_dataset/m/hand2_m_right_seg_2_cropped.jpeg,m
900,./asl_dataset/m/hand1_m_left_seg_1_cropped.jpeg,m
901,./asl_dataset/m/hand1_m_right_seg_2_cropped.jpeg,m
902,./asl_dataset/m/hand2_m_bot_seg_3_cropped.jpeg,m
903,./asl_dataset/m/hand5_m_dif_seg_2_cropped.jpeg,m
904,./asl_dataset/m/hand2_m_top_seg_4_cropped.jpeg,m
905,./asl_dataset/m/hand3_m_dif_seg_1_cropped.jpeg,m
906,./asl_dataset/m/hand1_m_dif_seg_3_cropped.jpeg,m
907,./asl_dataset/m/hand3_m_dif_seg_3_cropped.jpeg,m
908,./asl_dataset/m/hand2_m_top_seg_2_cropped.jpeg,m
909,./asl_dataset/m/hand2_m_left_seg_3_cropped.jpeg,m
910,./asl_dataset/n/hand1_n_left_seg_2_cropped.jpeg,n
911,./asl_dataset/n/hand1_n_left_seg_1_cropped.jpeg,n
912,./asl_dataset/n/hand1_n_bot_seg_2_cropped.jpeg,n
913,./asl_dataset/n/hand5_n_dif_seg_4_cropped.jpeg,n
914,./asl_dataset/n/hand1_n_dif_seg_2_cropped.jpeg,n
915,./asl_dataset/n/hand1_n_bot_seg_4_cropped.jpeg,n
916,./asl_dataset/n/hand4_n_bot_seg_5_cropped.jpeg,n
917,./asl_dataset/n/hand2_n_dif_seg_1_cropped.jpeg,n
918,./asl_dataset/n/hand5_n_bot_seg_2_cropped.jpeg,n
919,./asl_dataset/n/hand2_n_left_seg_2_cropped.jpeg,n
920,./asl_dataset/n/hand2_n_dif_seg_2_cropped.jpeg,n
921,./asl_dataset/n/hand2_n_top_seg_3_cropped.jpeg,n
922,./asl_dataset/n/hand2_n_bot_seg_3_cropped.jpeg,n
923,./asl_dataset/n/hand2_n_bot_seg_2_cropped.jpeg,n
924,./asl_dataset/n/hand1_n_right_seg_2_cropped.jpeg,n
925,./asl_dataset/n/hand2_n_bot_seg_5_cropped.jpeg,n
926,./asl_dataset/n/hand1_n_top_seg_4_cropped.jpeg,n
927,./asl_dataset/n/hand4_n_bot_seg_4_cropped.jpeg,n
928,./asl_dataset/n/hand2_n_left_seg_5_cropped.jpeg,n
929,./asl_dataset/n/hand3_n_dif_seg_4_cropped.jpeg,n
930,./asl_dataset/n/hand5_n_dif_seg_1_cropped.jpeg,n
931,./asl_dataset/n/hand5_n_dif_seg_5_cropped.jpeg,n
932,./asl_dataset/n/hand1_n_top_seg_3_cropped.jpeg,n
933,./asl_dataset/n/hand1_n_bot_seg_1_cropped.jpeg,n
934,./asl_dataset/n/hand1_n_bot_seg_5_cropped.jpeg,n
935,./asl_dataset/n/hand4_n_bot_seg_2_cropped.jpeg,n
936,./asl_dataset/n/hand2_n_top_seg_1_cropped.jpeg,n
937,./asl_dataset/n/hand2_n_bot_seg_1_cropped.jpeg,n
938,./asl_dataset/n/hand2_n_left_seg_4_cropped.jpeg,n
939,./asl_dataset/n/hand1_n_dif_seg_1_cropped.jpeg,n
940,./asl_dataset/n/hand2_n_bot_seg_4_cropped.jpeg,n
941,./asl_dataset/n/hand1_n_right_seg_4_cropped.jpeg,n
942,./asl_dataset/n/hand4_n_bot_seg_3_cropped.jpeg,n
943,./asl_dataset/n/hand5_n_dif_seg_3_cropped.jpeg,n
944,./asl_dataset/n/hand5_n_bot_seg_3_cropped.jpeg,n
945,./asl_dataset/n/hand1_n_right_seg_1_cropped.jpeg,n
946,./asl_dataset/n/hand1_n_top_seg_2_cropped.jpeg,n
947,./asl_dataset/n/hand1_n_left_seg_3_cropped.jpeg,n
948,./asl_dataset/n/hand2_n_top_seg_2_cropped.jpeg,n
949,./asl_dataset/n/hand2_n_dif_seg_3_cropped.jpeg,n
950,./asl_dataset/n/hand1_n_left_seg_4_cropped.jpeg,n
951,./asl_dataset/n/hand1_n_bot_seg_3_cropped.jpeg,n
952,./asl_dataset/n/hand1_n_right_seg_5_cropped.jpeg,n
953,./asl_dataset/n/hand1_n_left_seg_5_cropped.jpeg,n
954,./asl_dataset/n/hand2_n_right_seg_3_cropped.jpeg,n
955,./asl_dataset/n/hand1_n_top_seg_5_cropped.jpeg,n
956,./asl_dataset/n/hand3_n_dif_seg_5_cropped.jpeg,n
957,./asl_dataset/n/hand5_n_bot_seg_4_cropped.jpeg,n
958,./asl_dataset/n/hand1_n_dif_seg_3_cropped.jpeg,n
959,./asl_dataset/n/hand2_n_dif_seg_5_cropped.jpeg,n
960,./asl_dataset/n/hand2_n_right_seg_4_cropped.jpeg,n
961,./asl_dataset/n/hand1_n_right_seg_3_cropped.jpeg,n
962,./asl_dataset/n/hand2_n_dif_seg_4_cropped.jpeg,n
963,./asl_dataset/n/hand5_n_dif_seg_2_cropped.jpeg,n
964,./asl_dataset/n/hand2_n_top_seg_4_cropped.jpeg,n
965,./asl_dataset/n/hand2_n_right_seg_5_cropped.jpeg,n
966,./asl_dataset/n/hand3_n_dif_seg_1_cropped.jpeg,n
967,./asl_dataset/n/hand3_n_dif_seg_2_cropped.jpeg,n
968,./asl_dataset/n/hand2_n_right_seg_1_cropped.jpeg,n
969,./asl_dataset/n/hand2_n_left_seg_1_cropped.jpeg,n
970,./asl_dataset/n/hand1_n_top_seg_1_cropped.jpeg,n
971,./asl_dataset/n/hand2_n_left_seg_3_cropped.jpeg,n
972,./asl_dataset/n/hand2_n_top_seg_5_cropped.jpeg,n
973,./asl_dataset/n/hand4_n_bot_seg_1_cropped.jpeg,n
974,./asl_dataset/n/hand1_n_dif_seg_5_cropped.jpeg,n
975,./asl_dataset/n/hand5_n_bot_seg_5_cropped.jpeg,n
976,./asl_dataset/n/hand3_n_dif_seg_3_cropped.jpeg,n
977,./asl_dataset/n/hand2_n_right_seg_2_cropped.jpeg,n
978,./asl_dataset/n/hand1_n_dif_seg_4_cropped.jpeg,n
979,./asl_dataset/n/hand5_n_bot_seg_1_cropped.jpeg,n
980,./asl_dataset/o/hand1_o_dif_seg_3_cropped.jpeg,o
981,./asl_dataset/o/hand2_o_bot_seg_1_cropped.jpeg,o
982,./asl_dataset/o/hand2_o_bot_seg_3_cropped.jpeg,o
983,./asl_dataset/o/hand5_o_dif_seg_4_cropped.jpeg,o
984,./asl_dataset/o/hand4_o_bot_seg_4_cropped.jpeg,o
985,./asl_dataset/o/hand5_o_bot_seg_4_cropped.jpeg,o
986,./asl_dataset/o/hand3_o_dif_seg_3_cropped.jpeg,o
987,./asl_dataset/o/hand1_o_top_seg_2_cropped.jpeg,o
988,./asl_dataset/o/hand1_o_bot_seg_5_cropped.jpeg,o
989,./asl_dataset/o/hand1_o_bot_seg_1_cropped.jpeg,o
990,./asl_dataset/o/hand1_o_dif_seg_5_cropped.jpeg,o
991,./asl_dataset/o/hand1_o_right_seg_1_cropped.jpeg,o
992,./asl_dataset/o/hand4_o_bot_seg_5_cropped.jpeg,o
993,./asl_dataset/o/hand2_o_bot_seg_2_cropped.jpeg,o
994,./asl_dataset/o/hand2_o_right_seg_5_cropped.jpeg,o
995,./asl_dataset/o/hand2_o_top_seg_3_cropped.jpeg,o
996,./asl_dataset/o/hand1_o_right_seg_4_cropped.jpeg,o
997,./asl_dataset/o/hand2_o_left_seg_1_cropped.jpeg,o
998,./asl_dataset/o/hand2_o_left_seg_3_cropped.jpeg,o
999,./asl_dataset/o/hand2_o_left_seg_5_cropped.jpeg,o
1000,./asl_dataset/o/hand1_o_bot_seg_4_cropped.jpeg,o
1001,./asl_dataset/o/hand3_o_dif_seg_5_cropped.jpeg,o
1002,./asl_dataset/o/hand2_o_dif_seg_5_cropped.jpeg,o
1003,./asl_dataset/o/hand2_o_right_seg_3_cropped.jpeg,o
1004,./asl_dataset/o/hand2_o_dif_seg_2_cropped.jpeg,o
1005,./asl_dataset/o/hand1_o_left_seg_5_cropped.jpeg,o
1006,./asl_dataset/o/hand5_o_bot_seg_5_cropped.jpeg,o
1007,./asl_dataset/o/hand2_o_top_seg_4_cropped.jpeg,o
1008,./asl_dataset/o/hand2_o_bot_seg_4_cropped.jpeg,o
1009,./asl_dataset/o/hand3_o_dif_seg_4_cropped.jpeg,o
1010,./asl_dataset/o/hand1_o_left_seg_3_cropped.jpeg,o
1011,./asl_dataset/o/hand2_o_top_seg_5_cropped.jpeg,o
1012,./asl_dataset/o/hand1_o_left_seg_4_cropped.jpeg,o
1013,./asl_dataset/o/hand2_o_right_seg_2_cropped.jpeg,o
1014,./asl_dataset/o/hand5_o_dif_seg_5_cropped.jpeg,o
1015,./asl_dataset/o/hand4_o_bot_seg_2_cropped.jpeg,o
1016,./asl_dataset/o/hand1_o_top_seg_5_cropped.jpeg,o
1017,./asl_dataset/o/hand2_o_left_seg_4_cropped.jpeg,o
1018,./asl_dataset/o/hand2_o_right_seg_4_cropped.jpeg,o
1019,./asl_dataset/o/hand1_o_dif_seg_2_cropped.jpeg,o
1020,./asl_dataset/o/hand1_o_top_seg_4_cropped.jpeg,o
1021,./asl_dataset/o/hand2_o_top_seg_2_cropped.jpeg,o
1022,./asl_dataset/o/hand4_o_bot_seg_3_cropped.jpeg,o
1023,./asl_dataset/o/hand2_o_dif_seg_4_cropped.jpeg,o
1024,./asl_dataset/o/hand2_o_top_seg_1_cropped.jpeg,o
1025,./asl_dataset/o/hand1_o_right_seg_3_cropped.jpeg,o
1026,./asl_dataset/o/hand5_o_bot_seg_1_cropped.jpeg,o
1027,./asl_dataset/o/hand1_o_top_seg_1_cropped.jpeg,o
1028,./asl_dataset/o/hand2_o_dif_seg_3_cropped.jpeg,o
1029,./asl_dataset/o/hand4_o_bot_seg_1_cropped.jpeg,o
1030,./asl_dataset/o/hand5_o_dif_seg_3_cropped.jpeg,o
1031,./asl_dataset/o/hand1_o_right_seg_5_cropped.jpeg,o
1032,./asl_dataset/o/hand2_o_left_seg_2_cropped.jpeg,o
1033,./asl_dataset/o/hand5_o_bot_seg_2_cropped.jpeg,o
1034,./asl_dataset/o/hand2_o_bot_seg_5_cropped.jpeg,o
1035,./asl_dataset/o/hand3_o_dif_seg_2_cropped.jpeg,o
1036,./asl_dataset/o/hand1_o_right_seg_2_cropped.jpeg,o
1037,./asl_dataset/o/hand1_o_left_seg_2_cropped.jpeg,o
1038,./asl_dataset/o/hand1_o_left_seg_1_cropped.jpeg,o
1039,./asl_dataset/o/hand1_o_dif_seg_1_cropped.jpeg,o
1040,./asl_dataset/o/hand5_o_dif_seg_2_cropped.jpeg,o
1041,./asl_dataset/o/hand1_o_bot_seg_3_cropped.jpeg,o
1042,./asl_dataset/o/hand1_o_bot_seg_2_cropped.jpeg,o
1043,./asl_dataset/o/hand2_o_dif_seg_1_cropped.jpeg,o
1044,./asl_dataset/o/hand3_o_dif_seg_1_cropped.jpeg,o
1045,./asl_dataset/o/hand1_o_dif_seg_4_cropped.jpeg,o
1046,./asl_dataset/o/hand1_o_top_seg_3_cropped.jpeg,o
1047,./asl_dataset/o/hand5_o_bot_seg_3_cropped.jpeg,o
1048,./asl_dataset/o/hand5_o_dif_seg_1_cropped.jpeg,o
1049,./asl_dataset/o/hand2_o_right_seg_1_cropped.jpeg,o
1050,./asl_dataset/p/hand1_p_right_seg_3_cropped.jpeg,p
1051,./asl_dataset/p/hand4_p_bot_seg_1_cropped.jpeg,p
1052,./asl_dataset/p/hand1_p_dif_seg_2_cropped.jpeg,p
1053,./asl_dataset/p/hand2_p_left_seg_1_cropped.jpeg,p
1054,./asl_dataset/p/hand5_p_bot_seg_2_cropped.jpeg,p
1055,./asl_dataset/p/hand2_p_right_seg_1_cropped.jpeg,p
1056,./asl_dataset/p/hand2_p_bot_seg_2_cropped.jpeg,p
1057,./asl_dataset/p/hand2_p_bot_seg_5_cropped.jpeg,p
1058,./asl_dataset/p/hand1_p_bot_seg_4_cropped.jpeg,p
1059,./asl_dataset/p/hand3_p_dif_seg_3_cropped.jpeg,p
1060,./asl_dataset/p/hand1_p_dif_seg_5_cropped.jpeg,p
1061,./asl_dataset/p/hand2_p_left_seg_3_cropped.jpeg,p
1062,./asl_dataset/p/hand2_p_top_seg_3_cropped.jpeg,p
1063,./asl_dataset/p/hand5_p_dif_seg_3_cropped.jpeg,p
1064,./asl_dataset/p/hand2_p_dif_seg_1_cropped.jpeg,p
1065,./asl_dataset/p/hand1_p_right_seg_1_cropped.jpeg,p
1066,./asl_dataset/p/hand2_p_dif_seg_5_cropped.jpeg,p
1067,./asl_dataset/p/hand1_p_right_seg_5_cropped.jpeg,p
1068,./asl_dataset/p/hand1_p_bot_seg_1_cropped.jpeg,p
1069,./asl_dataset/p/hand1_p_bot_seg_2_cropped.jpeg,p
1070,./asl_dataset/p/hand2_p_top_seg_5_cropped.jpeg,p
1071,./asl_dataset/p/hand2_p_top_seg_4_cropped.jpeg,p
1072,./asl_dataset/p/hand1_p_left_seg_2_cropped.jpeg,p
1073,./asl_dataset/p/hand1_p_dif_seg_3_cropped.jpeg,p
1074,./asl_dataset/p/hand2_p_left_seg_4_cropped.jpeg,p
1075,./asl_dataset/p/hand1_p_right_seg_4_cropped.jpeg,p
1076,./asl_dataset/p/hand4_p_bot_seg_2_cropped.jpeg,p
1077,./asl_dataset/p/hand5_p_dif_seg_1_cropped.jpeg,p
1078,./asl_dataset/p/hand3_p_dif_seg_5_cropped.jpeg,p
1079,./asl_dataset/p/hand1_p_top_seg_2_cropped.jpeg,p
1080,./asl_dataset/p/hand2_p_dif_seg_4_cropped.jpeg,p
1081,./asl_dataset/p/hand2_p_left_seg_2_cropped.jpeg,p
1082,./asl_dataset/p/hand4_p_bot_seg_4_cropped.jpeg,p
1083,./asl_dataset/p/hand2_p_left_seg_5_cropped.jpeg,p
1084,./asl_dataset/p/hand2_p_bot_seg_3_cropped.jpeg,p
1085,./asl_dataset/p/hand1_p_left_seg_4_cropped.jpeg,p
1086,./asl_dataset/p/hand1_p_left_seg_3_cropped.jpeg,p
1087,./asl_dataset/p/hand2_p_right_seg_2_cropped.jpeg,p
1088,./asl_dataset/p/hand1_p_bot_seg_5_cropped.jpeg,p
1089,./asl_dataset/p/hand2_p_right_seg_5_cropped.jpeg,p
1090,./asl_dataset/p/hand1_p_left_seg_5_cropped.jpeg,p
1091,./asl_dataset/p/hand4_p_bot_seg_5_cropped.jpeg,p
1092,./asl_dataset/p/hand3_p_dif_seg_4_cropped.jpeg,p
1093,./asl_dataset/p/hand1_p_top_seg_3_cropped.jpeg,p
1094,./asl_dataset/p/hand2_p_bot_seg_1_cropped.jpeg,p
1095,./asl_dataset/p/hand5_p_bot_seg_3_cropped.jpeg,p
1096,./asl_dataset/p/hand5_p_dif_seg_4_cropped.jpeg,p
1097,./asl_dataset/p/hand2_p_top_seg_2_cropped.jpeg,p
1098,./asl_dataset/p/hand5_p_bot_seg_1_cropped.jpeg,p
1099,./asl_dataset/p/hand3_p_dif_seg_1_cropped.jpeg,p
1100,./asl_dataset/p/hand3_p_dif_seg_2_cropped.jpeg,p
1101,./asl_dataset/p/hand4_p_bot_seg_3_cropped.jpeg,p
1102,./asl_dataset/p/hand5_p_bot_seg_4_cropped.jpeg,p
1103,./asl_dataset/p/hand1_p_bot_seg_3_cropped.jpeg,p
1104,./asl_dataset/p/hand2_p_right_seg_4_cropped.jpeg,p
1105,./asl_dataset/p/hand2_p_right_seg_3_cropped.jpeg,p
1106,./asl_dataset/p/hand1_p_left_seg_1_cropped.jpeg,p
1107,./asl_dataset/p/hand2_p_dif_seg_3_cropped.jpeg,p
1108,./asl_dataset/p/hand5_p_bot_seg_5_cropped.jpeg,p
1109,./asl_dataset/p/hand1_p_top_seg_1_cropped.jpeg,p
1110,./asl_dataset/p/hand2_p_bot_seg_4_cropped.jpeg,p
1111,./asl_dataset/p/hand2_p_top_seg_1_cropped.jpeg,p
1112,./asl_dataset/p/hand1_p_dif_seg_1_cropped.jpeg,p
1113,./asl_dataset/p/hand1_p_right_seg_2_cropped.jpeg,p
1114,./asl_dataset/p/hand5_p_dif_seg_5_cropped.jpeg,p
1115,./asl_dataset/p/hand1_p_dif_seg_4_cropped.jpeg,p
1116,./asl_dataset/p/hand2_p_dif_seg_2_cropped.jpeg,p
1117,./asl_dataset/p/hand1_p_top_seg_5_cropped.jpeg,p
1118,./asl_dataset/p/hand5_p_dif_seg_2_cropped.jpeg,p
1119,./asl_dataset/p/hand1_p_top_seg_4_cropped.jpeg,p
1120,./asl_dataset/q/hand2_q_dif_seg_3_cropped.jpeg,q
1121,./asl_dataset/q/hand1_q_right_seg_1_cropped.jpeg,q
1122,./asl_dataset/q/hand4_q_bot_seg_1_cropped.jpeg,q
1123,./asl_dataset/q/hand5_q_dif_seg_4_cropped.jpeg,q
1124,./asl_dataset/q/hand5_q_bot_seg_2_cropped.jpeg,q
1125,./asl_dataset/q/hand1_q_dif_seg_2_cropped.jpeg,q
1126,./asl_dataset/q/hand4_q_bot_seg_2_cropped.jpeg,q
1127,./asl_dataset/q/hand1_q_bot_seg_2_cropped.jpeg,q
1128,./asl_dataset/q/hand2_q_dif_seg_2_cropped.jpeg,q
1129,./asl_dataset/q/hand1_q_top_seg_3_cropped.jpeg,q
1130,./asl_dataset/q/hand3_q_dif_seg_4_cropped.jpeg,q
1131,./asl_dataset/q/hand2_q_dif_seg_5_cropped.jpeg,q
1132,./asl_dataset/q/hand2_q_right_seg_3_cropped.jpeg,q
1133,./asl_dataset/q/hand2_q_bot_seg_1_cropped.jpeg,q
1134,./asl_dataset/q/hand2_q_right_seg_5_cropped.jpeg,q
1135,./asl_dataset/q/hand1_q_left_seg_3_cropped.jpeg,q
1136,./asl_dataset/q/hand1_q_bot_seg_1_cropped.jpeg,q
1137,./asl_dataset/q/hand1_q_top_seg_5_cropped.jpeg,q
1138,./asl_dataset/q/hand1_q_bot_seg_5_cropped.jpeg,q
1139,./asl_dataset/q/hand2_q_left_seg_1_cropped.jpeg,q
1140,./asl_dataset/q/hand5_q_bot_seg_3_cropped.jpeg,q
1141,./asl_dataset/q/hand2_q_top_seg_3_cropped.jpeg,q
1142,./asl_dataset/q/hand1_q_right_seg_3_cropped.jpeg,q
1143,./asl_dataset/q/hand2_q_left_seg_2_cropped.jpeg,q
1144,./asl_dataset/q/hand4_q_bot_seg_5_cropped.jpeg,q
1145,./asl_dataset/q/hand2_q_top_seg_2_cropped.jpeg,q
1146,./asl_dataset/q/hand1_q_top_seg_2_cropped.jpeg,q
1147,./asl_dataset/q/hand2_q_bot_seg_5_cropped.jpeg,q
1148,./asl_dataset/q/hand1_q_left_seg_4_cropped.jpeg,q
1149,./asl_dataset/q/hand5_q_dif_seg_3_cropped.jpeg,q
1150,./asl_dataset/q/hand1_q_left_seg_5_cropped.jpeg,q
1151,./asl_dataset/q/hand1_q_right_seg_2_cropped.jpeg,q
1152,./asl_dataset/q/hand1_q_bot_seg_4_cropped.jpeg,q
1153,./asl_dataset/q/hand2_q_right_seg_4_cropped.jpeg,q
1154,./asl_dataset/q/hand3_q_dif_seg_3_cropped.jpeg,q
1155,./asl_dataset/q/hand5_q_dif_seg_2_cropped.jpeg,q
1156,./asl_dataset/q/hand5_q_bot_seg_4_cropped.jpeg,q
1157,./asl_dataset/q/hand1_q_dif_seg_4_cropped.jpeg,q
1158,./asl_dataset/q/hand2_q_left_seg_4_cropped.jpeg,q
1159,./asl_dataset/q/hand3_q_dif_seg_2_cropped.jpeg,q
1160,./asl_dataset/q/hand2_q_right_seg_2_cropped.jpeg,q
1161,./asl_dataset/q/hand1_q_left_seg_1_cropped.jpeg,q
1162,./asl_dataset/q/hand2_q_left_seg_3_cropped.jpeg,q
1163,./asl_dataset/q/hand2_q_dif_seg_4_cropped.jpeg,q
1164,./asl_dataset/q/hand2_q_right_seg_1_cropped.jpeg,q
1165,./asl_dataset/q/hand2_q_bot_seg_3_cropped.jpeg,q
1166,./asl_dataset/q/hand3_q_dif_seg_5_cropped.jpeg,q
1167,./asl_dataset/q/hand5_q_dif_seg_5_cropped.jpeg,q
1168,./asl_dataset/q/hand5_q_dif_seg_1_cropped.jpeg,q
1169,./asl_dataset/q/hand1_q_dif_seg_5_cropped.jpeg,q
1170,./asl_dataset/q/hand1_q_left_seg_2_cropped.jpeg,q
1171,./asl_dataset/q/hand1_q_right_seg_4_cropped.jpeg,q
1172,./asl_dataset/q/hand1_q_top_seg_1_cropped.jpeg,q
1173,./asl_dataset/q/hand4_q_bot_seg_4_cropped.jpeg,q
1174,./asl_dataset/q/hand2_q_top_seg_1_cropped.jpeg,q
1175,./asl_dataset/q/hand5_q_bot_seg_1_cropped.jpeg,q
1176,./asl_dataset/q/hand2_q_bot_seg_2_cropped.jpeg,q
1177,./asl_dataset/q/hand1_q_bot_seg_3_cropped.jpeg,q
1178,./asl_dataset/q/hand5_q_bot_seg_5_cropped.jpeg,q
1179,./asl_dataset/q/hand4_q_bot_seg_3_cropped.jpeg,q
1180,./asl_dataset/q/hand2_q_dif_seg_1_cropped.jpeg,q
1181,./asl_dataset/q/hand2_q_top_seg_4_cropped.jpeg,q
1182,./asl_dataset/q/hand3_q_dif_seg_1_cropped.jpeg,q
1183,./asl_dataset/q/hand1_q_top_seg_4_cropped.jpeg,q
1184,./asl_dataset/q/hand1_q_dif_seg_1_cropped.jpeg,q
1185,./asl_dataset/q/hand1_q_dif_seg_3_cropped.jpeg,q
1186,./asl_dataset/q/hand2_q_left_seg_5_cropped.jpeg,q
1187,./asl_dataset/q/hand2_q_bot_seg_4_cropped.jpeg,q
1188,./asl_dataset/q/hand1_q_right_seg_5_cropped.jpeg,q
1189,./asl_dataset/q/hand2_q_top_seg_5_cropped.jpeg,q
1190,./asl_dataset/r/hand2_r_bot_seg_5_cropped.jpeg,r
1191,./asl_dataset/r/hand1_r_dif_seg_3_cropped.jpeg,r
1192,./asl_dataset/r/hand3_r_dif_seg_5_cropped.jpeg,r
1193,./asl_dataset/r/hand1_r_bot_seg_4_cropped.jpeg,r
1194,./asl_dataset/r/hand1_r_bot_seg_5_cropped.jpeg,r
1195,./asl_dataset/r/hand5_r_dif_seg_3_cropped.jpeg,r
1196,./asl_dataset/r/hand1_r_right_seg_3_cropped.jpeg,r
1197,./asl_dataset/r/hand1_r_top_seg_4_cropped.jpeg,r
1198,./asl_dataset/r/hand2_r_left_seg_2_cropped.jpeg,r
1199,./asl_dataset/r/hand1_r_dif_seg_2_cropped.jpeg,r
1200,./asl_dataset/r/hand5_r_dif_seg_2_cropped.jpeg,r
1201,./asl_dataset/r/hand3_r_dif_seg_2_cropped.jpeg,r
1202,./asl_dataset/r/hand3_r_dif_seg_1_cropped.jpeg,r
1203,./asl_dataset/r/hand3_r_dif_seg_3_cropped.jpeg,r
1204,./asl_dataset/r/hand4_r_bot_seg_4_cropped.jpeg,r
1205,./asl_dataset/r/hand2_r_right_seg_1_cropped.jpeg,r
1206,./asl_dataset/r/hand4_r_bot_seg_2_cropped.jpeg,r
1207,./asl_dataset/r/hand2_r_right_seg_5_cropped.jpeg,r
1208,./asl_dataset/r/hand4_r_bot_seg_1_cropped.jpeg,r
1209,./asl_dataset/r/hand1_r_right_seg_1_cropped.jpeg,r
1210,./asl_dataset/r/hand3_r_dif_seg_4_cropped.jpeg,r
1211,./asl_dataset/r/hand4_r_bot_seg_3_cropped.jpeg,r
1212,./asl_dataset/r/hand1_r_right_seg_5_cropped.jpeg,r
1213,./asl_dataset/r/hand2_r_dif_seg_1_cropped.jpeg,r
1214,./asl_dataset/r/hand2_r_dif_seg_2_cropped.jpeg,r
1215,./asl_dataset/r/hand1_r_bot_seg_3_cropped.jpeg,r
1216,./asl_dataset/r/hand2_r_bot_seg_4_cropped.jpeg,r
1217,./asl_dataset/r/hand4_r_bot_seg_5_cropped.jpeg,r
1218,./asl_dataset/r/hand2_r_right_seg_4_cropped.jpeg,r
1219,./asl_dataset/r/hand5_r_dif_seg_1_cropped.jpeg,r
1220,./asl_dataset/r/hand2_r_left_seg_3_cropped.jpeg,r
1221,./asl_dataset/r/hand5_r_bot_seg_1_cropped.jpeg,r
1222,./asl_dataset/r/hand1_r_left_seg_2_cropped.jpeg,r
1223,./asl_dataset/r/hand1_r_dif_seg_4_cropped.jpeg,r
1224,./asl_dataset/r/hand1_r_dif_seg_1_cropped.jpeg,r
1225,./asl_dataset/r/hand5_r_bot_seg_4_cropped.jpeg,r
1226,./asl_dataset/r/hand2_r_bot_seg_2_cropped.jpeg,r
1227,./asl_dataset/r/hand1_r_left_seg_3_cropped.jpeg,r
1228,./asl_dataset/r/hand2_r_right_seg_3_cropped.jpeg,r
1229,./asl_dataset/r/hand2_r_dif_seg_5_cropped.jpeg,r
1230,./asl_dataset/r/hand5_r_dif_seg_4_cropped.jpeg,r
1231,./asl_dataset/r/hand1_r_left_seg_5_cropped.jpeg,r
1232,./asl_dataset/r/hand2_r_top_seg_4_cropped.jpeg,r
1233,./asl_dataset/r/hand5_r_dif_seg_5_cropped.jpeg,r
1234,./asl_dataset/r/hand2_r_bot_seg_3_cropped.jpeg,r
1235,./asl_dataset/r/hand1_r_left_seg_4_cropped.jpeg,r
1236,./asl_dataset/r/hand2_r_dif_seg_4_cropped.jpeg,r
1237,./asl_dataset/r/hand2_r_dif_seg_3_cropped.jpeg,r
1238,./asl_dataset/r/hand1_r_right_seg_4_cropped.jpeg,r
1239,./asl_dataset/r/hand2_r_top_seg_2_cropped.jpeg,r
1240,./asl_dataset/r/hand5_r_bot_seg_5_cropped.jpeg,r
1241,./asl_dataset/r/hand1_r_top_seg_3_cropped.jpeg,r
1242,./asl_dataset/r/hand1_r_right_seg_2_cropped.jpeg,r
1243,./asl_dataset/r/hand2_r_left_seg_5_cropped.jpeg,r
1244,./asl_dataset/r/hand2_r_bot_seg_1_cropped.jpeg,r
1245,./asl_dataset/r/hand1_r_bot_seg_1_cropped.jpeg,r
1246,./asl_dataset/r/hand1_r_top_seg_5_cropped.jpeg,r
1247,./asl_dataset/r/hand1_r_left_seg_1_cropped.jpeg,r
1248,./asl_dataset/r/hand1_r_top_seg_1_cropped.jpeg,r
1249,./asl_dataset/r/hand1_r_bot_seg_2_cropped.jpeg,r
1250,./asl_dataset/r/hand2_r_right_seg_2_cropped.jpeg,r
1251,./asl_dataset/r/hand5_r_bot_seg_2_cropped.jpeg,r
1252,./asl_dataset/r/hand2_r_top_seg_3_cropped.jpeg,r
1253,./asl_dataset/r/hand2_r_top_seg_1_cropped.jpeg,r
1254,./asl_dataset/r/hand2_r_top_seg_5_cropped.jpeg,r
1255,./asl_dataset/r/hand2_r_left_seg_1_cropped.jpeg,r
1256,./asl_dataset/r/hand2_r_left_seg_4_cropped.jpeg,r
1257,./asl_dataset/r/hand1_r_top_seg_2_cropped.jpeg,r
1258,./asl_dataset/r/hand1_r_dif_seg_5_cropped.jpeg,r
1259,./asl_dataset/r/hand5_r_bot_seg_3_cropped.jpeg,r
1260,./asl_dataset/s/hand2_s_right_seg_1_cropped.jpeg,s
1261,./asl_dataset/s/hand2_s_left_seg_3_cropped.jpeg,s
1262,./asl_dataset/s/hand2_s_dif_seg_3_cropped.jpeg,s
1263,./asl_dataset/s/hand1_s_top_seg_3_cropped.jpeg,s
1264,./asl_dataset/s/hand3_s_dif_seg_1_cropped.jpeg,s
1265,./asl_dataset/s/hand2_s_top_seg_3_cropped.jpeg,s
1266,./asl_dataset/s/hand1_s_left_seg_5_cropped.jpeg,s
1267,./asl_dataset/s/hand2_s_right_seg_4_cropped.jpeg,s
1268,./asl_dataset/s/hand1_s_left_seg_2_cropped.jpeg,s
1269,./asl_dataset/s/hand1_s_left_seg_3_cropped.jpeg,s
1270,./asl_dataset/s/hand1_s_dif_seg_5_cropped.jpeg,s
1271,./asl_dataset/s/hand5_s_dif_seg_5_cropped.jpeg,s
1272,./asl_dataset/s/hand1_s_right_seg_5_cropped.jpeg,s
1273,./asl_dataset/s/hand1_s_left_seg_4_cropped.jpeg,s
1274,./asl_dataset/s/hand4_s_bot_seg_1_cropped.jpeg,s
1275,./asl_dataset/s/hand2_s_left_seg_4_cropped.jpeg,s
1276,./asl_dataset/s/hand5_s_bot_seg_3_cropped.jpeg,s
1277,./asl_dataset/s/hand1_s_bot_seg_1_cropped.jpeg,s
1278,./asl_dataset/s/hand5_s_bot_seg_2_cropped.jpeg,s
1279,./asl_dataset/s/hand2_s_left_seg_5_cropped.jpeg,s
1280,./asl_dataset/s/hand1_s_dif_seg_3_cropped.jpeg,s
1281,./asl_dataset/s/hand3_s_dif_seg_5_cropped.jpeg,s
1282,./asl_dataset/s/hand1_s_top_seg_4_cropped.jpeg,s
1283,./asl_dataset/s/hand1_s_bot_seg_3_cropped.jpeg,s
1284,./asl_dataset/s/hand1_s_top_seg_2_cropped.jpeg,s
1285,./asl_dataset/s/hand1_s_right_seg_4_cropped.jpeg,s
1286,./asl_dataset/s/hand4_s_bot_seg_3_cropped.jpeg,s
1287,./asl_dataset/s/hand2_s_top_seg_2_cropped.jpeg,s
1288,./asl_dataset/s/hand2_s_right_seg_3_cropped.jpeg,s
1289,./asl_dataset/s/hand3_s_dif_seg_4_cropped.jpeg,s
1290,./asl_dataset/s/hand5_s_dif_seg_1_cropped.jpeg,s
1291,./asl_dataset/s/hand4_s_bot_seg_2_cropped.jpeg,s
1292,./asl_dataset/s/hand2_s_right_seg_2_cropped.jpeg,s
1293,./asl_dataset/s/hand2_s_bot_seg_3_cropped.jpeg,s
1294,./asl_dataset/s/hand1_s_bot_seg_2_cropped.jpeg,s
1295,./asl_dataset/s/hand2_s_bot_seg_1_cropped.jpeg,s
1296,./asl_dataset/s/hand5_s_dif_seg_3_cropped.jpeg,s
1297,./asl_dataset/s/hand3_s_dif_seg_3_cropped.jpeg,s
1298,./asl_dataset/s/hand2_s_left_seg_1_cropped.jpeg,s
1299,./asl_dataset/s/hand5_s_bot_seg_4_cropped.jpeg,s
1300,./asl_dataset/s/hand2_s_top_seg_1_cropped.jpeg,s
1301,./asl_dataset/s/hand1_s_bot_seg_5_cropped.jpeg,s
1302,./asl_dataset/s/hand1_s_left_seg_1_cropped.jpeg,s
1303,./asl_dataset/s/hand2_s_top_seg_4_cropped.jpeg,s
1304,./asl_dataset/s/hand2_s_dif_seg_4_cropped.jpeg,s
1305,./asl_dataset/s/hand1_s_right_seg_2_cropped.jpeg,s
1306,./asl_dataset/s/hand5_s_bot_seg_5_cropped.jpeg,s
1307,./asl_dataset/s/hand2_s_dif_seg_1_cropped.jpeg,s
1308,./asl_dataset/s/hand1_s_bot_seg_4_cropped.jpeg,s
1309,./asl_dataset/s/hand4_s_bot_seg_5_cropped.jpeg,s
1310,./asl_dataset/s/hand2_s_top_seg_5_cropped.jpeg,s
1311,./asl_dataset/s/hand2_s_bot_seg_2_cropped.jpeg,s
1312,./asl_dataset/s/hand1_s_right_seg_1_cropped.jpeg,s
1313,./asl_dataset/s/hand2_s_right_seg_5_cropped.jpeg,s
1314,./asl_dataset/s/hand1_s_right_seg_3_cropped.jpeg,s
1315,./asl_dataset/s/hand1_s_dif_seg_2_cropped.jpeg,s
1316,./asl_dataset/s/hand1_s_dif_seg_1_cropped.jpeg,s
1317,./asl_dataset/s/hand2_s_bot_seg_4_cropped.jpeg,s
1318,./asl_dataset/s/hand1_s_top_seg_5_cropped.jpeg,s
1319,./asl_dataset/s/hand2_s_bot_seg_5_cropped.jpeg,s
1320,./asl_dataset/s/hand3_s_dif_seg_2_cropped.jpeg,s
1321,./asl_dataset/s/hand5_s_dif_seg_2_cropped.jpeg,s
1322,./asl_dataset/s/hand2_s_left_seg_2_cropped.jpeg,s
1323,./asl_dataset/s/hand5_s_bot_seg_1_cropped.jpeg,s
1324,./asl_dataset/s/hand1_s_top_seg_1_cropped.jpeg,s
1325,./asl_dataset/s/hand4_s_bot_seg_4_cropped.jpeg,s
1326,./asl_dataset/s/hand2_s_dif_seg_2_cropped.jpeg,s
1327,./asl_dataset/s/hand5_s_dif_seg_4_cropped.jpeg,s
1328,./asl_dataset/s/hand2_s_dif_seg_5_cropped.jpeg,s
1329,./asl_dataset/s/hand1_s_dif_seg_4_cropped.jpeg,s
1330,./asl_dataset/t/hand2_t_top_seg_5_cropped.jpeg,t
1331,./asl_dataset/t/hand1_t_bot_seg_4_cropped.jpeg,t
1332,./asl_dataset/t/hand2_t_top_seg_3_cropped.jpeg,t
1333,./asl_dataset/t/hand2_t_left_seg_1_cropped.jpeg,t
1334,./asl_dataset/t/hand2_t_left_seg_3_cropped.jpeg,t
1335,./asl_dataset/t/hand2_t_bot_seg_1_cropped.jpeg,t
1336,./asl_dataset/t/hand1_t_right_seg_1_cropped.jpeg,t
1337,./asl_dataset/t/hand2_t_top_seg_2_cropped.jpeg,t
1338,./asl_dataset/t/hand2_t_right_seg_2_cropped.jpeg,t
1339,./asl_dataset/t/hand1_t_left_seg_2_cropped.jpeg,t
1340,./asl_dataset/t/hand2_t_bot_seg_2_cropped.jpeg,t
1341,./asl_dataset/t/hand1_t_top_seg_2_cropped.jpeg,t
1342,./asl_dataset/t/hand1_t_top_seg_3_cropped.jpeg,t
1343,./asl_dataset/t/hand1_t_left_seg_5_cropped.jpeg,t
1344,./asl_dataset/t/hand2_t_right_seg_4_cropped.jpeg,t
1345,./asl_dataset/t/hand1_t_dif_seg_3_cropped.jpeg,t
1346,./asl_dataset/t/hand2_t_left_seg_2_cropped.jpeg,t
1347,./asl_dataset/t/hand2_t_top_seg_4_cropped.jpeg,t
1348,./asl_dataset/t/hand3_t_dif_seg_2_cropped.jpeg,t
1349,./asl_dataset/t/hand5_t_bot_seg_3_cropped.jpeg,t
1350,./asl_dataset/t/hand1_t_left_seg_1_cropped.jpeg,t
1351,./asl_dataset/t/hand1_t_bot_seg_5_cropped.jpeg,t
1352,./asl_dataset/t/hand3_t_dif_seg_5_cropped.jpeg,t
1353,./asl_dataset/t/hand5_t_bot_seg_2_cropped.jpeg,t
1354,./asl_dataset/t/hand1_t_top_seg_1_cropped.jpeg,t
1355,./asl_dataset/t/hand1_t_top_seg_4_cropped.jpeg,t
1356,./asl_dataset/t/hand2_t_top_seg_1_cropped.jpeg,t
1357,./asl_dataset/t/hand1_t_right_seg_5_cropped.jpeg,t
1358,./asl_dataset/t/hand2_t_right_seg_3_cropped.jpeg,t
1359,./asl_dataset/t/hand2_t_left_seg_5_cropped.jpeg,t
1360,./asl_dataset/t/hand1_t_right_seg_3_cropped.jpeg,t
1361,./asl_dataset/t/hand5_t_dif_seg_2_cropped.jpeg,t
1362,./asl_dataset/t/hand1_t_top_seg_5_cropped.jpeg,t
1363,./asl_dataset/t/hand1_t_bot_seg_2_cropped.jpeg,t
1364,./asl_dataset/t/hand5_t_dif_seg_1_cropped.jpeg,t
1365,./asl_dataset/t/hand3_t_dif_seg_1_cropped.jpeg,t
1366,./asl_dataset/t/hand1_t_dif_seg_5_cropped.jpeg,t
1367,./asl_dataset/t/hand4_t_bot_seg_1_cropped.jpeg,t
1368,./asl_dataset/t/hand5_t_bot_seg_4_cropped.jpeg,t
1369,./asl_dataset/t/hand4_t_bot_seg_3_cropped.jpeg,t
1370,./asl_dataset/t/hand1_t_left_seg_3_cropped.jpeg,t
1371,./asl_dataset/t/hand4_t_bot_seg_4_cropped.jpeg,t
1372,./asl_dataset/t/hand3_t_dif_seg_4_cropped.jpeg,t
1373,./asl_dataset/t/hand2_t_bot_seg_5_cropped.jpeg,t
1374,./asl_dataset/t/hand1_t_left_seg_4_cropped.jpeg,t
1375,./asl_dataset/t/hand1_t_bot_seg_1_cropped.jpeg,t
1376,./asl_dataset/t/hand1_t_dif_seg_2_cropped.jpeg,t
1377,./asl_dataset/t/hand3_t_dif_seg_3_cropped.jpeg,t
1378,./asl_dataset/t/hand4_t_bot_seg_2_cropped.jpeg,t
1379,./asl_dataset/t/hand2_t_bot_seg_3_cropped.jpeg,t
1380,./asl_dataset/t/hand2_t_left_seg_4_cropped.jpeg,t
1381,./asl_dataset/t/hand4_t_bot_seg_5_cropped.jpeg,t
1382,./asl_dataset/t/hand2_t_bot_seg_4_cropped.jpeg,t
1383,./asl_dataset/t/hand5_t_dif_seg_4_cropped.jpeg,t
1384,./asl_dataset/t/hand2_t_right_seg_1_cropped.jpeg,t
1385,./asl_dataset/t/hand1_t_dif_seg_4_cropped.jpeg,t
1386,./asl_dataset/t/hand5_t_bot_seg_1_cropped.jpeg,t
1387,./asl_dataset/t/hand5_t_bot_seg_5_cropped.jpeg,t
1388,./asl_dataset/t/hand2_t_right_seg_5_cropped.jpeg,t
1389,./asl_dataset/t/hand5_t_dif_seg_3_cropped.jpeg,t
1390,./asl_dataset/t/hand5_t_dif_seg_5_cropped.jpeg,t
1391,./asl_dataset/t/hand1_t_right_seg_4_cropped.jpeg,t
1392,./asl_dataset/t/hand1_t_right_seg_2_cropped.jpeg,t
1393,./asl_dataset/t/hand1_t_bot_seg_3_cropped.jpeg,t
1394,./asl_dataset/t/hand1_t_dif_seg_1_cropped.jpeg,t
1395,./asl_dataset/u/hand4_u_bot_seg_5_cropped.jpeg,u
1396,./asl_dataset/u/hand1_u_bot_seg_1_cropped.jpeg,u
1397,./asl_dataset/u/hand5_u_dif_seg_5_cropped.jpeg,u
1398,./asl_dataset/u/hand5_u_bot_seg_2_cropped.jpeg,u
1399,./asl_dataset/u/hand1_u_top_seg_4_cropped.jpeg,u
1400,./asl_dataset/u/hand1_u_dif_seg_2_cropped.jpeg,u
1401,./asl_dataset/u/hand2_u_left_seg_2_cropped.jpeg,u
1402,./asl_dataset/u/hand3_u_dif_seg_5_cropped.jpeg,u
1403,./asl_dataset/u/hand5_u_bot_seg_5_cropped.jpeg,u
1404,./asl_dataset/u/hand2_u_top_seg_3_cropped.jpeg,u
1405,./asl_dataset/u/hand2_u_bot_seg_4_cropped.jpeg,u
1406,./asl_dataset/u/hand2_u_dif_seg_4_cropped.jpeg,u
1407,./asl_dataset/u/hand5_u_bot_seg_1_cropped.jpeg,u
1408,./asl_dataset/u/hand5_u_dif_seg_3_cropped.jpeg,u
1409,./asl_dataset/u/hand2_u_dif_seg_1_cropped.jpeg,u
1410,./asl_dataset/u/hand2_u_dif_seg_2_cropped.jpeg,u
1411,./asl_dataset/u/hand2_u_top_seg_4_cropped.jpeg,u
1412,./asl_dataset/u/hand5_u_bot_seg_4_cropped.jpeg,u
1413,./asl_dataset/u/hand3_u_dif_seg_2_cropped.jpeg,u
1414,./asl_dataset/u/hand2_u_bot_seg_1_cropped.jpeg,u
1415,./asl_dataset/u/hand1_u_right_seg_3_cropped.jpeg,u
1416,./asl_dataset/u/hand2_u_right_seg_3_cropped.jpeg,u
1417,./asl_dataset/u/hand1_u_left_seg_2_cropped.jpeg,u
1418,./asl_dataset/u/hand4_u_bot_seg_1_cropped.jpeg,u
1419,./asl_dataset/u/hand1_u_dif_seg_5_cropped.jpeg,u
1420,./asl_dataset/u/hand2_u_left_seg_3_cropped.jpeg,u
1421,./asl_dataset/u/hand1_u_right_seg_5_cropped.jpeg,u
1422,./asl_dataset/u/hand5_u_bot_seg_3_cropped.jpeg,u
1423,./asl_dataset/u/hand2_u_dif_seg_3_cropped.jpeg,u
1424,./asl_dataset/u/hand2_u_top_seg_5_cropped.jpeg,u
1425,./asl_dataset/u/hand3_u_dif_seg_1_cropped.jpeg,u
1426,./asl_dataset/u/hand1_u_dif_seg_1_cropped.jpeg,u
1427,./asl_dataset/u/hand2_u_left_seg_4_cropped.jpeg,u
1428,./asl_dataset/u/hand2_u_bot_seg_5_cropped.jpeg,u
1429,./asl_dataset/u/hand4_u_bot_seg_3_cropped.jpeg,u
1430,./asl_dataset/u/hand2_u_right_seg_2_cropped.jpeg,u
1431,./asl_dataset/u/hand2_u_left_seg_1_cropped.jpeg,u
1432,./asl_dataset/u/hand2_u_left_seg_5_cropped.jpeg,u
1433,./asl_dataset/u/hand1_u_left_seg_3_cropped.jpeg,u
1434,./asl_dataset/u/hand1_u_bot_seg_2_cropped.jpeg,u
1435,./asl_dataset/u/hand2_u_right_seg_4_cropped.jpeg,u
1436,./asl_dataset/u/hand1_u_right_seg_2_cropped.jpeg,u
1437,./asl_dataset/u/hand2_u_top_seg_2_cropped.jpeg,u
1438,./asl_dataset/u/hand1_u_right_seg_4_cropped.jpeg,u
1439,./asl_dataset/u/hand5_u_dif_seg_1_cropped.jpeg,u
1440,./asl_dataset/u/hand1_u_dif_seg_3_cropped.jpeg,u
1441,./asl_dataset/u/hand3_u_dif_seg_3_cropped.jpeg,u
1442,./asl_dataset/u/hand1_u_top_seg_2_cropped.jpeg,u
1443,./asl_dataset/u/hand3_u_dif_seg_4_cropped.jpeg,u
1444,./asl_dataset/u/hand1_u_left_seg_1_cropped.jpeg,u
1445,./asl_dataset/u/hand5_u_dif_seg_2_cropped.jpeg,u
1446,./asl_dataset/u/hand1_u_left_seg_4_cropped.jpeg,u
1447,./asl_dataset/u/hand2_u_bot_seg_2_cropped.jpeg,u
1448,./asl_dataset/u/hand4_u_bot_seg_4_cropped.jpeg,u
1449,./asl_dataset/u/hand1_u_left_seg_5_cropped.jpeg,u
1450,./asl_dataset/u/hand1_u_bot_seg_5_cropped.jpeg,u
1451,./asl_dataset/u/hand1_u_bot_seg_4_cropped.jpeg,u
1452,./asl_dataset/u/hand1_u_top_seg_5_cropped.jpeg,u
1453,./asl_dataset/u/hand4_u_bot_seg_2_cropped.jpeg,u
1454,./asl_dataset/u/hand2_u_bot_seg_3_cropped.jpeg,u
1455,./asl_dataset/u/hand2_u_dif_seg_5_cropped.jpeg,u
1456,./asl_dataset/u/hand2_u_right_seg_1_cropped.jpeg,u
1457,./asl_dataset/u/hand2_u_top_seg_1_cropped.jpeg,u
1458,./asl_dataset/u/hand5_u_dif_seg_4_cropped.jpeg,u
1459,./asl_dataset/u/hand1_u_dif_seg_4_cropped.jpeg,u
1460,./asl_dataset/u/hand1_u_top_seg_1_cropped.jpeg,u
1461,./asl_dataset/u/hand1_u_top_seg_3_cropped.jpeg,u
1462,./asl_dataset/u/hand1_u_right_seg_1_cropped.jpeg,u
1463,./asl_dataset/u/hand2_u_right_seg_5_cropped.jpeg,u
1464,./asl_dataset/u/hand1_u_bot_seg_3_cropped.jpeg,u
1465,./asl_dataset/v/hand5_v_dif_seg_1_cropped.jpeg,v
1466,./asl_dataset/v/hand1_v_top_seg_3_cropped.jpeg,v
1467,./asl_dataset/v/hand1_v_left_seg_2_cropped.jpeg,v
1468,./asl_dataset/v/hand5_v_bot_seg_1_cropped.jpeg,v
1469,./asl_dataset/v/hand2_v_top_seg_5_cropped.jpeg,v
1470,./asl_dataset/v/hand2_v_dif_seg_3_cropped.jpeg,v
1471,./asl_dataset/v/hand4_v_bot_seg_4_cropped.jpeg,v
1472,./asl_dataset/v/hand1_v_dif_seg_4_cropped.jpeg,v
1473,./asl_dataset/v/hand5_v_dif_seg_3_cropped.jpeg,v
1474,./asl_dataset/v/hand1_v_top_seg_5_cropped.jpeg,v
1475,./asl_dataset/v/hand1_v_bot_seg_3_cropped.jpeg,v
1476,./asl_dataset/v/hand2_v_bot_seg_4_cropped.jpeg,v
1477,./asl_dataset/v/hand5_v_bot_seg_4_cropped.jpeg,v
1478,./asl_dataset/v/hand1_v_bot_seg_4_cropped.jpeg,v
1479,./asl_dataset/v/hand1_v_right_seg_4_cropped.jpeg,v
1480,./asl_dataset/v/hand1_v_dif_seg_5_cropped.jpeg,v
1481,./asl_dataset/v/hand2_v_left_seg_3_cropped.jpeg,v
1482,./asl_dataset/v/hand4_v_bot_seg_1_cropped.jpeg,v
1483,./asl_dataset/v/hand2_v_dif_seg_1_cropped.jpeg,v
1484,./asl_dataset/v/hand3_v_dif_seg_1_cropped.jpeg,v
1485,./asl_dataset/v/hand1_v_left_seg_3_cropped.jpeg,v
1486,./asl_dataset/v/hand3_v_dif_seg_2_cropped.jpeg,v
1487,./asl_dataset/v/hand2_v_left_seg_1_cropped.jpeg,v
1488,./asl_dataset/v/hand2_v_right_seg_4_cropped.jpeg,v
1489,./asl_dataset/v/hand2_v_bot_seg_2_cropped.jpeg,v
1490,./asl_dataset/v/hand2_v_left_seg_5_cropped.jpeg,v
1491,./asl_dataset/v/hand1_v_bot_seg_2_cropped.jpeg,v
1492,./asl_dataset/v/hand2_v_dif_seg_4_cropped.jpeg,v
1493,./asl_dataset/v/hand2_v_left_seg_4_cropped.jpeg,v
1494,./asl_dataset/v/hand5_v_dif_seg_5_cropped.jpeg,v
1495,./asl_dataset/v/hand4_v_bot_seg_2_cropped.jpeg,v
1496,./asl_dataset/v/hand3_v_dif_seg_4_cropped.jpeg,v
1497,./asl_dataset/v/hand2_v_top_seg_4_cropped.jpeg,v
1498,./asl_dataset/v/hand2_v_right_seg_3_cropped.jpeg,v
1499,./asl_dataset/v/hand2_v_dif_seg_5_cropped.jpeg,v
1500,./asl_dataset/v/hand1_v_bot_seg_1_cropped.jpeg,v
1501,./asl_dataset/v/hand2_v_bot_seg_1_cropped.jpeg,v
1502,./asl_dataset/v/hand5_v_dif_seg_2_cropped.jpeg,v
1503,./asl_dataset/v/hand2_v_right_seg_2_cropped.jpeg,v
1504,./asl_dataset/v/hand1_v_left_seg_5_cropped.jpeg,v
1505,./asl_dataset/v/hand1_v_right_seg_3_cropped.jpeg,v
1506,./asl_dataset/v/hand4_v_bot_seg_3_cropped.jpeg,v
1507,./asl_dataset/v/hand3_v_dif_seg_5_cropped.jpeg,v
1508,./asl_dataset/v/hand1_v_top_seg_1_cropped.jpeg,v
1509,./asl_dataset/v/hand2_v_bot_seg_5_cropped.jpeg,v
1510,./asl_dataset/v/hand1_v_bot_seg_5_cropped.jpeg,v
1511,./asl_dataset/v/hand2_v_right_seg_1_cropped.jpeg,v
1512,./asl_dataset/v/hand1_v_left_seg_4_cropped.jpeg,v
1513,./asl_dataset/v/hand2_v_right_seg_5_cropped.jpeg,v
1514,./asl_dataset/v/hand1_v_left_seg_1_cropped.jpeg,v
1515,./asl_dataset/v/hand2_v_left_seg_2_cropped.jpeg,v
1516,./asl_dataset/v/hand1_v_top_seg_4_cropped.jpeg,v
1517,./asl_dataset/v/hand2_v_bot_seg_3_cropped.jpeg,v
1518,./asl_dataset/v/hand1_v_dif_seg_2_cropped.jpeg,v
1519,./asl_dataset/v/hand5_v_bot_seg_3_cropped.jpeg,v
1520,./asl_dataset/v/hand5_v_bot_seg_5_cropped.jpeg,v
1521,./asl_dataset/v/hand1_v_dif_seg_1_cropped.jpeg,v
1522,./asl_dataset/v/hand4_v_bot_seg_5_cropped.jpeg,v
1523,./asl_dataset/v/hand3_v_dif_seg_3_cropped.jpeg,v
1524,./asl_dataset/v/hand1_v_top_seg_2_cropped.jpeg,v
1525,./asl_dataset/v/hand2_v_top_seg_1_cropped.jpeg,v
1526,./asl_dataset/v/hand2_v_top_seg_3_cropped.jpeg,v
1527,./asl_dataset/v/hand1_v_dif_seg_3_cropped.jpeg,v
1528,./asl_dataset/v/hand2_v_top_seg_2_cropped.jpeg,v
1529,./asl_dataset/v/hand1_v_right_seg_1_cropped.jpeg,v
1530,./asl_dataset/v/hand1_v_right_seg_2_cropped.jpeg,v
1531,./asl_dataset/v/hand5_v_bot_seg_2_cropped.jpeg,v
1532,./asl_dataset/v/hand2_v_dif_seg_2_cropped.jpeg,v
1533,./asl_dataset/v/hand1_v_right_seg_5_cropped.jpeg,v
1534,./asl_dataset/v/hand5_v_dif_seg_4_cropped.jpeg,v
1535,./asl_dataset/w/hand2_w_right_seg_1_cropped.jpeg,w
1536,./asl_dataset/w/hand3_w_dif_seg_4_cropped.jpeg,w
1537,./asl_dataset/w/hand1_w_dif_seg_1_cropped.jpeg,w
1538,./asl_dataset/w/hand1_w_top_seg_2_cropped.jpeg,w
1539,./asl_dataset/w/hand2_w_dif_seg_5_cropped.jpeg,w
1540,./asl_dataset/w/hand2_w_right_seg_4_cropped.jpeg,w
1541,./asl_dataset/w/hand2_w_dif_seg_3_cropped.jpeg,w
1542,./asl_dataset/w/hand1_w_dif_seg_2_cropped.jpeg,w
1543,./asl_dataset/w/hand5_w_dif_seg_1_cropped.jpeg,w
1544,./asl_dataset/w/hand2_w_right_seg_2_cropped.jpeg,w
1545,./asl_dataset/w/hand5_w_dif_seg_5_cropped.jpeg,w
1546,./asl_dataset/w/hand1_w_right_seg_1_cropped.jpeg,w
1547,./asl_dataset/w/hand3_w_dif_seg_1_cropped.jpeg,w
1548,./asl_dataset/w/hand1_w_right_seg_4_cropped.jpeg,w
1549,./asl_dataset/w/hand2_w_top_seg_1_cropped.jpeg,w
1550,./asl_dataset/w/hand5_w_bot_seg_1_cropped.jpeg,w
1551,./asl_dataset/w/hand2_w_top_seg_2_cropped.jpeg,w
1552,./asl_dataset/w/hand2_w_right_seg_3_cropped.jpeg,w
1553,./asl_dataset/w/hand3_w_dif_seg_2_cropped.jpeg,w
1554,./asl_dataset/w/hand4_w_bot_seg_1_cropped.jpeg,w
1555,./asl_dataset/w/hand1_w_left_seg_2_cropped.jpeg,w
1556,./asl_dataset/w/hand1_w_dif_seg_5_cropped.jpeg,w
1557,./asl_dataset/w/hand1_w_top_seg_5_cropped.jpeg,w
1558,./asl_dataset/w/hand1_w_left_seg_3_cropped.jpeg,w
1559,./asl_dataset/w/hand5_w_bot_seg_3_cropped.jpeg,w
1560,./asl_dataset/w/hand2_w_dif_seg_1_cropped.jpeg,w
1561,./asl_dataset/w/hand2_w_top_seg_5_cropped.jpeg,w
1562,./asl_dataset/w/hand5_w_bot_seg_2_cropped.jpeg,w
1563,./asl_dataset/w/hand2_w_bot_seg_5_cropped.jpeg,w
1564,./asl_dataset/w/hand2_w_left_seg_1_cropped.jpeg,w
1565,./asl_dataset/w/hand5_w_dif_seg_4_cropped.jpeg,w
1566,./asl_dataset/w/hand2_w_bot_seg_2_cropped.jpeg,w
1567,./asl_dataset/w/hand1_w_bot_seg_4_cropped.jpeg,w
1568,./asl_dataset/w/hand1_w_top_seg_1_cropped.jpeg,w
1569,./asl_dataset/w/hand1_w_bot_seg_3_cropped.jpeg,w
1570,./asl_dataset/w/hand1_w_left_seg_4_cropped.jpeg,w
1571,./asl_dataset/w/hand1_w_right_seg_5_cropped.jpeg,w
1572,./asl_dataset/w/hand2_w_left_seg_5_cropped.jpeg,w
1573,./asl_dataset/w/hand1_w_dif_seg_4_cropped.jpeg,w
1574,./asl_dataset/w/hand4_w_bot_seg_2_cropped.jpeg,w
1575,./asl_dataset/w/hand2_w_left_seg_4_cropped.jpeg,w
1576,./asl_dataset/w/hand2_w_left_seg_2_cropped.jpeg,w
1577,./asl_dataset/w/hand3_w_dif_seg_3_cropped.jpeg,w
1578,./asl_dataset/w/hand2_w_top_seg_3_cropped.jpeg,w
1579,./asl_dataset/w/hand5_w_dif_seg_2_cropped.jpeg,w
1580,./asl_dataset/w/hand1_w_bot_seg_5_cropped.jpeg,w
1581,./asl_dataset/w/hand1_w_bot_seg_2_cropped.jpeg,w
1582,./asl_dataset/w/hand4_w_bot_seg_3_cropped.jpeg,w
1583,./asl_dataset/w/hand2_w_bot_seg_1_cropped.jpeg,w
1584,./asl_dataset/w/hand1_w_top_seg_3_cropped.jpeg,w
1585,./asl_dataset/w/hand2_w_dif_seg_4_cropped.jpeg,w
1586,./asl_dataset/w/hand1_w_left_seg_5_cropped.jpeg,w
1587,./asl_dataset/w/hand4_w_bot_seg_5_cropped.jpeg,w
1588,./asl_dataset/w/hand5_w_bot_seg_4_cropped.jpeg,w
1589,./asl_dataset/w/hand2_w_bot_seg_3_cropped.jpeg,w
1590,./asl_dataset/w/hand2_w_dif_seg_2_cropped.jpeg,w
1591,./asl_dataset/w/hand2_w_bot_seg_4_cropped.jpeg,w
1592,./asl_dataset/w/hand2_w_left_seg_3_cropped.jpeg,w
1593,./asl_dataset/w/hand5_w_dif_seg_3_cropped.jpeg,w
1594,./asl_dataset/w/hand1_w_right_seg_2_cropped.jpeg,w
1595,./asl_dataset/w/hand1_w_bot_seg_1_cropped.jpeg,w
1596,./asl_dataset/w/hand3_w_dif_seg_5_cropped.jpeg,w
1597,./asl_dataset/w/hand4_w_bot_seg_4_cropped.jpeg,w
1598,./asl_dataset/w/hand1_w_dif_seg_3_cropped.jpeg,w
1599,./asl_dataset/w/hand5_w_bot_seg_5_cropped.jpeg,w
1600,./asl_dataset/w/hand1_w_right_seg_3_cropped.jpeg,w
1601,./asl_dataset/w/hand1_w_left_seg_1_cropped.jpeg,w
1602,./asl_dataset/w/hand1_w_top_seg_4_cropped.jpeg,w
1603,./asl_dataset/w/hand2_w_top_seg_4_cropped.jpeg,w
1604,./asl_dataset/w/hand2_w_right_seg_5_cropped.jpeg,w
1605,./asl_dataset/x/hand2_x_right_seg_4_cropped.jpeg,x
1606,./asl_dataset/x/hand5_x_dif_seg_1_cropped.jpeg,x
1607,./asl_dataset/x/hand2_x_top_seg_1_cropped.jpeg,x
1608,./asl_dataset/x/hand4_x_bot_seg_4_cropped.jpeg,x
1609,./asl_dataset/x/hand1_x_dif_seg_4_cropped.jpeg,x
1610,./asl_dataset/x/hand2_x_dif_seg_5_cropped.jpeg,x
1611,./asl_dataset/x/hand1_x_dif_seg_5_cropped.jpeg,x
1612,./asl_dataset/x/hand2_x_dif_seg_2_cropped.jpeg,x
1613,./asl_dataset/x/hand5_x_bot_seg_1_cropped.jpeg,x
1614,./asl_dataset/x/hand1_x_dif_seg_2_cropped.jpeg,x
1615,./asl_dataset/x/hand1_x_bot_seg_5_cropped.jpeg,x
1616,./asl_dataset/x/hand2_x_dif_seg_4_cropped.jpeg,x
1617,./asl_dataset/x/hand5_x_bot_seg_3_cropped.jpeg,x
1618,./asl_dataset/x/hand3_x_dif_seg_3_cropped.jpeg,x
1619,./asl_dataset/x/hand1_x_left_seg_1_cropped.jpeg,x
1620,./asl_dataset/x/hand2_x_dif_seg_1_cropped.jpeg,x
1621,./asl_dataset/x/hand5_x_dif_seg_5_cropped.jpeg,x
1622,./asl_dataset/x/hand5_x_dif_seg_3_cropped.jpeg,x
1623,./asl_dataset/x/hand1_x_top_seg_5_cropped.jpeg,x
1624,./asl_dataset/x/hand1_x_bot_seg_3_cropped.jpeg,x
1625,./asl_dataset/x/hand5_x_bot_seg_5_cropped.jpeg,x
1626,./asl_dataset/x/hand2_x_right_seg_5_cropped.jpeg,x
1627,./asl_dataset/x/hand1_x_right_seg_5_cropped.jpeg,x
1628,./asl_dataset/x/hand1_x_bot_seg_2_cropped.jpeg,x
1629,./asl_dataset/x/hand2_x_left_seg_1_cropped.jpeg,x
1630,./asl_dataset/x/hand4_x_bot_seg_2_cropped.jpeg,x
1631,./asl_dataset/x/hand1_x_dif_seg_3_cropped.jpeg,x
1632,./asl_dataset/x/hand2_x_bot_seg_1_cropped.jpeg,x
1633,./asl_dataset/x/hand1_x_right_seg_2_cropped.jpeg,x
1634,./asl_dataset/x/hand2_x_right_seg_1_cropped.jpeg,x
1635,./asl_dataset/x/hand2_x_top_seg_5_cropped.jpeg,x
1636,./asl_dataset/x/hand3_x_dif_seg_2_cropped.jpeg,x
1637,./asl_dataset/x/hand1_x_right_seg_1_cropped.jpeg,x
1638,./asl_dataset/x/hand2_x_top_seg_3_cropped.jpeg,x
1639,./asl_dataset/x/hand4_x_bot_seg_5_cropped.jpeg,x
1640,./asl_dataset/x/hand2_x_left_seg_2_cropped.jpeg,x
1641,./asl_dataset/x/hand2_x_left_seg_5_cropped.jpeg,x
1642,./asl_dataset/x/hand1_x_right_seg_3_cropped.jpeg,x
1643,./asl_dataset/x/hand2_x_bot_seg_4_cropped.jpeg,x
1644,./asl_dataset/x/hand1_x_left_seg_3_cropped.jpeg,x
1645,./asl_dataset/x/hand2_x_dif_seg_3_cropped.jpeg,x
1646,./asl_dataset/x/hand2_x_top_seg_2_cropped.jpeg,x
1647,./asl_dataset/x/hand5_x_dif_seg_2_cropped.jpeg,x
1648,./asl_dataset/x/hand1_x_left_seg_5_cropped.jpeg,x
1649,./asl_dataset/x/hand1_x_bot_seg_1_cropped.jpeg,x
1650,./asl_dataset/x/hand1_x_left_seg_2_cropped.jpeg,x
1651,./asl_dataset/x/hand2_x_bot_seg_3_cropped.jpeg,x
1652,./asl_dataset/x/hand2_x_right_seg_3_cropped.jpeg,x
1653,./asl_dataset/x/hand3_x_dif_seg_5_cropped.jpeg,x
1654,./asl_dataset/x/hand2_x_right_seg_2_cropped.jpeg,x
1655,./asl_dataset/x/hand3_x_dif_seg_4_cropped.jpeg,x
1656,./asl_dataset/x/hand4_x_bot_seg_3_cropped.jpeg,x
1657,./asl_dataset/x/hand1_x_top_seg_2_cropped.jpeg,x
1658,./asl_dataset/x/hand5_x_dif_seg_4_cropped.jpeg,x
1659,./asl_dataset/x/hand1_x_top_seg_1_cropped.jpeg,x
1660,./asl_dataset/x/hand1_x_left_seg_4_cropped.jpeg,x
1661,./asl_dataset/x/hand1_x_top_seg_4_cropped.jpeg,x
1662,./asl_dataset/x/hand2_x_bot_seg_5_cropped.jpeg,x
1663,./asl_dataset/x/hand1_x_dif_seg_1_cropped.jpeg,x
1664,./asl_dataset/x/hand1_x_bot_seg_4_cropped.jpeg,x
1665,./asl_dataset/x/hand2_x_left_seg_4_cropped.jpeg,x
1666,./asl_dataset/x/hand4_x_bot_seg_1_cropped.jpeg,x
1667,./asl_dataset/x/hand1_x_top_seg_3_cropped.jpeg,x
1668,./asl_dataset/x/hand1_x_right_seg_4_cropped.jpeg,x
1669,./asl_dataset/x/hand5_x_bot_seg_4_cropped.jpeg,x
1670,./asl_dataset/x/hand3_x_dif_seg_1_cropped.jpeg,x
1671,./asl_dataset/x/hand2_x_left_seg_3_cropped.jpeg,x
1672,./asl_dataset/x/hand5_x_bot_seg_2_cropped.jpeg,x
1673,./asl_dataset/x/hand2_x_bot_seg_2_cropped.jpeg,x
1674,./asl_dataset/x/hand2_x_top_seg_4_cropped.jpeg,x
1675,./asl_dataset/y/hand1_y_left_seg_4_cropped.jpeg,y
1676,./asl_dataset/y/hand2_y_dif_seg_1_cropped.jpeg,y
1677,./asl_dataset/y/hand1_y_left_seg_3_cropped.jpeg,y
1678,./asl_dataset/y/hand2_y_dif_seg_3_cropped.jpeg,y
1679,./asl_dataset/y/hand1_y_dif_seg_1_cropped.jpeg,y
1680,./asl_dataset/y/hand1_y_right_seg_3_cropped.jpeg,y
1681,./asl_dataset/y/hand5_y_dif_seg_4_cropped.jpeg,y
1682,./asl_dataset/y/hand2_y_top_seg_1_cropped.jpeg,y
1683,./asl_dataset/y/hand1_y_right_seg_5_cropped.jpeg,y
1684,./asl_dataset/y/hand2_y_left_seg_3_cropped.jpeg,y
1685,./asl_dataset/y/hand3_y_dif_seg_3_cropped.jpeg,y
1686,./asl_dataset/y/hand1_y_bot_seg_2_cropped.jpeg,y
1687,./asl_dataset/y/hand5_y_bot_seg_1_cropped.jpeg,y
1688,./asl_dataset/y/hand4_y_bot_seg_5_cropped.jpeg,y
1689,./asl_dataset/y/hand5_y_bot_seg_5_cropped.jpeg,y
1690,./asl_dataset/y/hand2_y_left_seg_1_cropped.jpeg,y
1691,./asl_dataset/y/hand3_y_dif_seg_4_cropped.jpeg,y
1692,./asl_dataset/y/hand5_y_dif_seg_2_cropped.jpeg,y
1693,./asl_dataset/y/hand2_y_right_seg_3_cropped.jpeg,y
1694,./asl_dataset/y/hand1_y_right_seg_4_cropped.jpeg,y
1695,./asl_dataset/y/hand5_y_bot_seg_4_cropped.jpeg,y
1696,./asl_dataset/y/hand4_y_bot_seg_4_cropped.jpeg,y
1697,./asl_dataset/y/hand3_y_dif_seg_5_cropped.jpeg,y
1698,./asl_dataset/y/hand2_y_top_seg_3_cropped.jpeg,y
1699,./asl_dataset/y/hand5_y_bot_seg_3_cropped.jpeg,y
1700,./asl_dataset/y/hand2_y_top_seg_4_cropped.jpeg,y
1701,./asl_dataset/y/hand2_y_bot_seg_3_cropped.jpeg,y
1702,./asl_dataset/y/hand2_y_left_seg_4_cropped.jpeg,y
1703,./asl_dataset/y/hand5_y_dif_seg_3_cropped.jpeg,y
1704,./asl_dataset/y/hand2_y_dif_seg_2_cropped.jpeg,y
1705,./asl_dataset/y/hand1_y_top_seg_1_cropped.jpeg,y
1706,./asl_dataset/y/hand5_y_dif_seg_1_cropped.jpeg,y
1707,./asl_dataset/y/hand2_y_right_seg_5_cropped.jpeg,y
1708,./asl_dataset/y/hand2_y_dif_seg_5_cropped.jpeg,y
1709,./asl_dataset/y/hand1_y_right_seg_1_cropped.jpeg,y
1710,./asl_dataset/y/hand5_y_dif_seg_5_cropped.jpeg,y
1711,./asl_dataset/y/hand1_y_top_seg_2_cropped.jpeg,y
1712,./asl_dataset/y/hand1_y_dif_seg_2_cropped.jpeg,y
1713,./asl_dataset/y/hand1_y_left_seg_2_cropped.jpeg,y
1714,./asl_dataset/y/hand5_y_bot_seg_2_cropped.jpeg,y
1715,./asl_dataset/y/hand1_y_right_seg_2_cropped.jpeg,y
1716,./asl_dataset/y/hand4_y_bot_seg_2_cropped.jpeg,y
1717,./asl_dataset/y/hand3_y_dif_seg_2_cropped.jpeg,y
1718,./asl_dataset/y/hand2_y_left_seg_5_cropped.jpeg,y
1719,./asl_dataset/y/hand2_y_right_seg_4_cropped.jpeg,y
1720,./asl_dataset/y/hand2_y_top_seg_5_cropped.jpeg,y
1721,./asl_dataset/y/hand1_y_bot_seg_4_cropped.jpeg,y
1722,./asl_dataset/y/hand2_y_dif_seg_4_cropped.jpeg,y
1723,./asl_dataset/y/hand1_y_bot_seg_3_cropped.jpeg,y
1724,./asl_dataset/y/hand1_y_left_seg_5_cropped.jpeg,y
1725,./asl_dataset/y/hand2_y_bot_seg_5_cropped.jpeg,y
1726,./asl_dataset/y/hand1_y_top_seg_5_cropped.jpeg,y
1727,./asl_dataset/y/hand2_y_right_seg_2_cropped.jpeg,y
1728,./asl_dataset/y/hand1_y_dif_seg_5_cropped.jpeg,y
1729,./asl_dataset/y/hand2_y_top_seg_2_cropped.jpeg,y
1730,./asl_dataset/y/hand1_y_top_seg_4_cropped.jpeg,y
1731,./asl_dataset/y/hand1_y_bot_seg_1_cropped.jpeg,y
1732,./asl_dataset/y/hand2_y_bot_seg_2_cropped.jpeg,y
1733,./asl_dataset/y/hand3_y_dif_seg_1_cropped.jpeg,y
1734,./asl_dataset/y/hand1_y_dif_seg_4_cropped.jpeg,y
1735,./asl_dataset/y/hand2_y_bot_seg_1_cropped.jpeg,y
1736,./asl_dataset/y/hand4_y_bot_seg_1_cropped.jpeg,y
1737,./asl_dataset/y/hand1_y_dif_seg_3_cropped.jpeg,y
1738,./asl_dataset/y/hand2_y_right_seg_1_cropped.jpeg,y
1739,./asl_dataset/y/hand2_y_bot_seg_4_cropped.jpeg,y
1740,./asl_dataset/y/hand4_y_bot_seg_3_cropped.jpeg,y
1741,./asl_dataset/y/hand1_y_top_seg_3_cropped.jpeg,y
1742,./asl_dataset/y/hand1_y_left_seg_1_cropped.jpeg,y
1743,./asl_dataset/y/hand2_y_left_seg_2_cropped.jpeg,y
1744,./asl_dataset/y/hand1_y_bot_seg_5_cropped.jpeg,y
1745,./asl_dataset/z/hand2_z_dif_seg_1_cropped.jpeg,z
1746,./asl_dataset/z/hand1_z_left_seg_3_cropped.jpeg,z
1747,./asl_dataset/z/hand2_z_left_seg_2_cropped.jpeg,z
1748,./asl_dataset/z/hand2_z_dif_seg_4_cropped.jpeg,z
1749,./asl_dataset/z/hand5_z_bot_seg_1_cropped.jpeg,z
1750,./asl_dataset/z/hand2_z_bot_seg_4_cropped.jpeg,z
1751,./asl_dataset/z/hand1_z_right_seg_5_cropped.jpeg,z
1752,./asl_dataset/z/hand3_z_dif_seg_5_cropped.jpeg,z
1753,./asl_dataset/z/hand2_z_top_seg_2_cropped.jpeg,z
1754,./asl_dataset/z/hand2_z_left_seg_4_cropped.jpeg,z
1755,./asl_dataset/z/hand1_z_top_seg_1_cropped.jpeg,z
1756,./asl_dataset/z/hand2_z_bot_seg_5_cropped.jpeg,z
1757,./asl_dataset/z/hand1_z_right_seg_4_cropped.jpeg,z
1758,./asl_dataset/z/hand1_z_right_seg_2_cropped.jpeg,z
1759,./asl_dataset/z/hand3_z_dif_seg_1_cropped.jpeg,z
1760,./asl_dataset/z/hand2_z_right_seg_4_cropped.jpeg,z
1761,./asl_dataset/z/hand1_z_dif_seg_1_cropped.jpeg,z
1762,./asl_dataset/z/hand1_z_left_seg_4_cropped.jpeg,z
1763,./asl_dataset/z/hand5_z_dif_seg_1_cropped.jpeg,z
1764,./asl_dataset/z/hand1_z_bot_seg_1_cropped.jpeg,z
1765,./asl_dataset/z/hand1_z_top_seg_4_cropped.jpeg,z
1766,./asl_dataset/z/hand4_z_bot_seg_1_cropped.jpeg,z
1767,./asl_dataset/z/hand1_z_dif_seg_4_cropped.jpeg,z
1768,./asl_dataset/z/hand4_z_bot_seg_3_cropped.jpeg,z
1769,./asl_dataset/z/hand2_z_left_seg_3_cropped.jpeg,z
1770,./asl_dataset/z/hand2_z_bot_seg_3_cropped.jpeg,z
1771,./asl_dataset/z/hand1_z_dif_seg_5_cropped.jpeg,z
1772,./asl_dataset/z/hand2_z_top_seg_4_cropped.jpeg,z
1773,./asl_dataset/z/hand2_z_top_seg_5_cropped.jpeg,z
1774,./asl_dataset/z/hand2_z_left_seg_1_cropped.jpeg,z
1775,./asl_dataset/z/hand3_z_dif_seg_3_cropped.jpeg,z
1776,./asl_dataset/z/hand2_z_bot_seg_2_cropped.jpeg,z
1777,./asl_dataset/z/hand2_z_top_seg_3_cropped.jpeg,z
1778,./asl_dataset/z/hand1_z_bot_seg_4_cropped.jpeg,z
1779,./asl_dataset/z/hand5_z_bot_seg_2_cropped.jpeg,z
1780,./asl_dataset/z/hand1_z_top_seg_3_cropped.jpeg,z
1781,./asl_dataset/z/hand1_z_dif_seg_2_cropped.jpeg,z
1782,./asl_dataset/z/hand2_z_dif_seg_3_cropped.jpeg,z
1783,./asl_dataset/z/hand5_z_dif_seg_5_cropped.jpeg,z
1784,./asl_dataset/z/hand1_z_left_seg_2_cropped.jpeg,z
1785,./asl_dataset/z/hand2_z_right_seg_2_cropped.jpeg,z
1786,./asl_dataset/z/hand1_z_dif_seg_3_cropped.jpeg,z
1787,./asl_dataset/z/hand5_z_bot_seg_4_cropped.jpeg,z
1788,./asl_dataset/z/hand2_z_dif_seg_2_cropped.jpeg,z
1789,./asl_dataset/z/hand2_z_right_seg_1_cropped.jpeg,z
1790,./asl_dataset/z/hand1_z_left_seg_5_cropped.jpeg,z
1791,./asl_dataset/z/hand1_z_top_seg_5_cropped.jpeg,z
1792,./asl_dataset/z/hand2_z_right_seg_3_cropped.jpeg,z
1793,./asl_dataset/z/hand4_z_bot_seg_2_cropped.jpeg,z
1794,./asl_dataset/z/hand3_z_dif_seg_4_cropped.jpeg,z
1795,./asl_dataset/z/hand2_z_dif_seg_5_cropped.jpeg,z
1796,./asl_dataset/z/hand2_z_right_seg_5_cropped.jpeg,z
1797,./asl_dataset/z/hand2_z_left_seg_5_cropped.jpeg,z
1798,./asl_dataset/z/hand1_z_bot_seg_2_cropped.jpeg,z
1799,./asl_dataset/z/hand2_z_bot_seg_1_cropped.jpeg,z
1800,./asl_dataset/z/hand5_z_bot_seg_5_cropped.jpeg,z
1801,./asl_dataset/z/hand1_z_left_seg_1_cropped.jpeg,z
1802,./asl_dataset/z/hand1_z_right_seg_3_cropped.jpeg,z
1803,./asl_dataset/z/hand4_z_bot_seg_5_cropped.jpeg,z
1804,./asl_dataset/z/hand1_z_top_seg_2_cropped.jpeg,z
1805,./asl_dataset/z/hand1_z_right_seg_1_cropped.jpeg,z
1806,./asl_dataset/z/hand2_z_top_seg_1_cropped.jpeg,z
1807,./asl_dataset/z/hand5_z_bot_seg_3_cropped.jpeg,z
1808,./asl_dataset/z/hand5_z_dif_seg_2_cropped.jpeg,z
1809,./asl_dataset/z/hand4_z_bot_seg_4_cropped.jpeg,z
1810,./asl_dataset/z/hand1_z_bot_seg_3_cropped.jpeg,z
1811,./asl_dataset/z/hand1_z_bot_seg_5_cropped.jpeg,z
1812,./asl_dataset/z/hand5_z_dif_seg_4_cropped.jpeg,z
1813,./asl_dataset/z/hand5_z_dif_seg_3_cropped.jpeg,z
1814,./asl_dataset/z/hand3_z_dif_seg_2_cropped.jpeg,z
